time,open,high,low,close,VWAP,Volume,Volume MA,Histogram,MACD,Signal,RSI,Bollinger Bands %B
1539648000,1.8,1.95,1.4001,1.439,1.5963666666666665,175094.09620417,NaN,NaN,NaN,NaN,NaN,NaN
1539734400,1.4638,1.47,1.35,1.414,1.4113333333333333,148809.78061937,NaN,NaN,NaN,NaN,NaN,NaN
1539820800,1.4079,1.4955,1.294,1.295,1.3615000000000002,136332.45413726,NaN,NaN,NaN,NaN,NaN,NaN
1539907200,1.3122,1.3452,1.2505,1.3032,1.2996333333333332,74952.64335719,NaN,NaN,NaN,NaN,NaN,NaN
1539993600,1.2881,1.3,1.26,1.2981,1.2860333333333334,58588.69716739,NaN,NaN,NaN,NaN,NaN,NaN
1540080000,1.2981,1.3727,1.29,1.3249,1.3292,37408.20897933,NaN,NaN,NaN,NaN,NaN,NaN
1540166400,1.349,1.4309,1.315,1.4134,1.3864333333333332,52460.19633032,NaN,NaN,NaN,NaN,NaN,NaN
1540252800,1.4154,1.4154,1.3474,1.383,1.3819333333333332,106181.07929278,NaN,NaN,NaN,NaN,NaN,NaN
1540339200,1.3889,1.3889,1.3365,1.3401,1.3551666666666666,44728.18448258,NaN,NaN,NaN,NaN,NaN,NaN
1540425600,1.3502,1.3502,1.3085,1.3453,1.3346666666666664,33458.11631799,NaN,NaN,NaN,NaN,NaN,NaN
1540512000,1.3438,1.379,1.32,1.3573,1.3521,30474.90789937,NaN,NaN,NaN,NaN,NaN,NaN
1540598400,1.3539,1.3615,1.3221,1.326,1.3365333333333336,12543.7270221,NaN,NaN,NaN,NaN,NaN,NaN
1540684800,1.3446,1.36,1.3267,1.34,1.3422333333333334,16234.32442324,NaN,NaN,NaN,NaN,NaN,NaN
1540771200,1.34,1.3423,1.257,1.257,1.2854333333333334,47129.24172196,NaN,NaN,NaN,NaN,NaN,NaN
1540857600,1.2721,1.3254,1.265,1.2821,1.2908333333333333,23670.41745539,NaN,NaN,NaN,NaN,34.81122942884801,NaN
1540944000,1.28,1.2926,1.2602,1.2926,1.2817999999999998,34930.59454631,NaN,NaN,NaN,NaN,36.207826277053115,NaN
1541030400,1.292,1.3122,1.2855,1.3049,1.3008666666666666,13815.53825318,NaN,NaN,NaN,NaN,37.88656952329595,NaN
1541116800,1.307,1.3333,1.284,1.298,1.3051000000000001,67450.79146719,NaN,NaN,NaN,NaN,37.29367058789495,NaN
1541203200,1.298,1.3218,1.2836,1.317,1.3074666666666668,24875.41805445,NaN,NaN,NaN,NaN,40.07463400497799,NaN
1541289600,1.3169,1.3665,1.2864,1.3346,1.3291666666666666,117386.42597755,62826.242185456,NaN,NaN,NaN,42.61348659588214,0.5070996747819877
1541376000,1.3438,1.3701,1.3079,1.3374,1.3384666666666665,115467.29326135,59844.902038315,NaN,NaN,NaN,43.02703434779151,0.5576568358860543
1541462400,1.3394,1.354,1.318,1.35,1.3406666666666667,58345.56737822,55321.69137625749,NaN,NaN,NaN,44.94956715717074,0.6776349516929012
1541548800,1.35,1.3768,1.319,1.321,1.3389333333333333,108263.53691122,53918.24551495549,NaN,NaN,NaN,41.48014361642869,0.4616677501057741
1541635200,1.3243,1.3365,1.3,1.3032,1.3132333333333333,95382.79503159,54939.75309867548,NaN,NaN,NaN,39.46656838307349,0.33280768436125746
1541721600,1.3189,1.3258,1.2678,1.2864,1.2933333333333334,74954.44431627,55758.04045611948,NaN,NaN,NaN,37.61083920582601,0.22001980133922017
1541808000,1.3028,1.3145,1.2782,1.2941,1.2956,17680.83142928,54771.67157861699,NaN,-0.01591915984834258,NaN,39.025968965979864,0.2898478060498662
1541894400,1.2941,1.3248,1.286,1.3014,1.3040666666666667,21956.0285876,53246.46319148098,NaN,-0.015682813099813897,NaN,40.406054731302,0.3549763298277907
1541980800,1.3014,1.318,1.2502,1.2557,1.2746333333333333,119095.2313611,53892.17079489698,NaN,-0.01896450367461533,NaN,35.05660567624206,0.00837640818636212
1542067200,1.2573,1.3343,1.2285,1.2428,1.2685333333333333,49820.16999938,54146.77007073697,NaN,-0.02234856889789727,NaN,33.70030903830872,-0.009238047331576116
1542153600,1.249,1.257,1.033,1.086,1.1253333333333335,208938.98491596,62920.81350063548,NaN,-0.037253479612458396,NaN,22.37086445556649,-0.4189820307951124
1542240000,1.0973,1.1315,1.0413,1.112,1.0949333333333333,152673.35352201,69030.73578176748,NaN,-0.04643250105990693,NaN,26.76721448095161,-0.13200160845420936
1542326400,1.1109,1.3343,1.0854,1.1012,1.1736333333333333,87598.81732204,72783.49029676447,NaN,-0.05395643523030236,NaN,26.10585063191654,-0.05028595146693411
1542412800,1.1228,1.15,1.0548,1.0758,1.0935333333333332,109595.15275059,77451.53171313198,NaN,-0.06126257812471114,NaN,24.56837463699945,-0.027419926305474327
1542499200,1.0797,1.0902,1.06,1.065,1.0717333333333332,64384.09283829,78314.27426894847,-0.029486798784594023,-0.06715015357617427,-0.03766335479158024,23.923218512725057,0.022727072087470372
1542585600,1.0786,1.0786,0.75,0.8136,0.8807333333333333,881439.65133281,121202.73596281947,-0.04271122281080392,-0.09105238330508514,-0.04834116049428122,14.426473440410277,-0.2653719170721281
1542672000,0.8162,0.86,0.62,0.7142,0.7313999999999999,898311.70279115,164371.79137506147,-0.05466380136483706,-0.11667091220032755,-0.062007110835490487,12.3405618370453,-0.1951740812147253
1542758400,0.7065,0.7299,0.623,0.7169,0.6899333333333333,433729.0393468,185367.46642974246,-0.05855226456170523,-0.13519744153762203,-0.0766451769759168,12.709763334265304,-0.06185060161719023
1542844800,0.7134,0.7461,0.67,0.67,0.6953666666666667,184545.14094308,191222.183903537,-0.06021436048493231,-0.1519131275820822,-0.09169876709714989,11.781523926290603,-0.017458316170734196
1542931200,0.6714,0.679,0.6044,0.6204,0.6345999999999999,360920.41022559,208024.433512094,-0.06042894970281362,-0.16723495422566692,-0.1068060045228533,10.876797840657673,0.013723792794095826
1543017600,0.628,0.6524,0.55,0.5702,0.5908666666666667,156526.0589881,209981.41516262147,-0.05962558143765395,-0.18133798131992074,-0.12171239988226679,10.036729556190707,0.037547420338397704
1543104000,0.5595,0.6524,0.485,0.5942,0.5771999999999999,458752.56487901,227145.6787435045,-0.05335512161881867,-0.1884063019057901,-0.13505118028697144,13.477340758118004,0.11063242858305507
1543190400,0.5942,0.6246,0.5331,0.5695,0.5757333333333334,191546.04533231,233805.70264120898,-0.04697301570756979,-0.1937674499214337,-0.1467944342138639,12.929296473487938,0.13203248708607848
1543276800,0.5695,0.599,0.5356,0.5736,0.5693999999999999,151170.78113511,235951.06485240348,-0.03891048300392766,-0.19543253796877347,-0.1565220549648458,13.557657956093138,0.17170676022960968
1543363200,0.5635,0.6295,0.5515,0.5984,0.5931333333333334,320440.31109232,247203.94065543995,-0.028807632126545746,-0.19253159512302798,-0.16372396299648223,17.438855214040743,0.22187807379449337
1543449600,0.5986,0.5986,0.5,0.5495,0.5493666666666667,616515.18819707,274281.97784947994,-0.022593260885117816,-0.1919655391028795,-0.16937227821776168,15.92093283871759,0.20807342385929295
1543536000,0.5493,0.5554,0.4626,0.49,0.5026666666666667,337130.75466763,290254.47401139745,-0.019766853581137334,-0.19408084519418334,-0.174313991613046,14.29094175065805,0.18496628797611622
1543622400,0.483,0.51,0.4782,0.5019,0.4966999999999999,106609.7221641,294487.1586902224,-0.014610487524355648,-0.19257710101849057,-0.17796661349413492,16.140148574027535,0.21914385471581002
1543708800,0.5,0.5061,0.4661,0.4905,0.4875666666666667,57990.07062275,291431.9006533049,-0.00971770499979338,-0.19011374474387666,-0.18039603974408328,15.788711142143981,0.22987849632099414
1543795200,0.4905,0.4905,0.4326,0.4403,0.4544666666666666,348111.70338177,306346.4773224244,-0.007700596012383237,-0.19002178475956233,-0.1823211887471791,14.310986209659205,0.19841376846537878
1543881600,0.4462,0.485,0.4156,0.4276,0.4427333333333333,163441.41541607,304071.59884742997,-0.005180930064095313,-0.18879735132729825,-0.18361642126320293,13.955137233652707,0.21018503584021067
1543968000,0.4271,0.4567,0.3751,0.3813,0.4043666666666666,275586.766485,310217.2694955795,-0.004610821318098285,-0.1893799479108258,-0.1847691265927275,12.713946589503763,0.17949267579766454
1544054400,0.3797,0.45,0.3352,0.3462,0.3771333333333333,497402.72090538,330707.4646747465,-0.004567276470608117,-0.19047822218098764,-0.18591094571037953,11.853245283479794,0.15286255178795274
1544140800,0.3342,0.3857,0.3125,0.3618,0.35333333333333333,398881.56448579,345171.7852615065,-0.0016100890638267862,-0.187923557040163,-0.18631346797633622,14.619751553167248,0.17723773597339454
1544227200,0.3895,0.4998,0.3575,0.3851,0.4141333333333333,335929.96156569,358749.0786978765,0.0035133581321578344,-0.18192177031113893,-0.18543512844329677,18.722830812672356,0.19073539961339997
1544313600,0.388,0.4212,0.3823,0.397,0.4001666666666666,183693.45914737,323861.7690886045,0.008990466407096442,-0.1741970454344262,-0.18318751184152265,20.81581837945106,0.2274085594748293
1544400000,0.3909,0.398,0.344,0.3507,0.36423333333333335,229139.90140187,290403.1790191405,0.010667444402790938,-0.16985320633803397,-0.1805206507408249,18.78855501076592,0.15418800922550596
1544486400,0.3492,0.3699,0.3476,0.3652,0.3609,116657.48368673,274549.601236137,0.013730465099121736,-0.16335756936692275,-0.17708803446604449,21.371230592052143,0.20599619013598616
1544572800,0.3647,0.4183,0.3545,0.411,0.3946,174283.66060207,274036.52721908654,0.019467860271943,-0.15275320912611573,-0.17222106939805873,29.04673877966374,0.3377278953938376
1544659200,0.4117,0.4451,0.3676,0.3676,0.3934333333333333,200031.96628648,265992.10502213106,0.02084383101579121,-0.1461662806283197,-0.16701011164411092,26.415317234816854,0.2436405934630487
1544745600,0.3676,0.38,0.35,0.37,0.3666666666666667,149010.08833325,265616.3064893886,0.022289356458005394,-0.13914841607160416,-0.16143777252960956,26.810183381484492,0.27380472600941996
1544832000,0.37,0.3878,0.3636,0.3878,0.3797333333333333,121440.23546506,248750.69001869104,0.024634690676109627,-0.1306444091844725,-0.15527909986058214,29.818201295765476,0.34426281780226137
1544918400,0.3832,0.4082,0.3768,0.3865,0.3905,56592.74687478,242003.02509581455,0.026145996485501033,-0.12259660425370583,-0.14874260073920686,29.722124691587467,0.3595220525036434
1545004800,0.3783,0.433,0.3783,0.4189,0.4100666666666667,45339.6574404,236711.46891107905,0.02914638755415727,-0.11230961629651026,-0.14145600385066753,35.316078607512864,0.49096181339963185
1545091200,0.4189,0.48,0.409,0.4429,0.4439666666666666,211504.20747293,231264.66373010952,0.0323203240682029,-0.10105559876541392,-0.13337592283361682,39.17807059833537,0.6327982067331729
1545177600,0.4429,0.539,0.4193,0.4341,0.46413333333333334,403410.65828957,220609.43723473456,0.03326976857903677,-0.09178871210982087,-0.12505848068885764,38.27568102500071,0.6430716493444109
1545264000,0.4341,0.5,0.4341,0.4674,0.4671666666666667,246876.81281237,216096.74014197156,0.03538606826203827,-0.0808258953613098,-0.11621196362334807,43.572198380311974,0.843942929149771
1545350400,0.4654,0.4831,0.4391,0.455,0.4590666666666667,217090.83867821,221620.79596767706,0.035125670990908686,-0.07230487488471221,-0.1074305458756209,42.12271711872263,0.8160782245674748
1545436800,0.4561,0.4786,0.4451,0.4786,0.4674333333333333,29692.68117298,220205.92649518856,0.035606633956494924,-0.06292225343000224,-0.09852888738649716,45.817087870234296,0.981643797642711
1545523200,0.4799,0.59,0.4799,0.5265,0.5321333333333333,162729.13108103,210936.79788015154,0.03799666879201127,-0.051033051396483065,-0.08902972018849434,52.45116367122417,1.1345503192454496
1545609600,0.5319,0.5827,0.52,0.5305,0.5444,133159.56651265,209422.70543498054,0.03856978577960038,-0.04081748796399387,-0.07938727374359425,52.96902234459726,1.0462784635101683
1545696000,0.523,0.523,0.482,0.5016,0.5022,54573.4659804,198372.04040975054,0.0357865406368781,-0.03465409794749663,-0.07044063858437473,48.83102913439395,0.8649247232089262
1545782400,0.5046,0.5455,0.4941,0.512,0.5172,15867.69819172,174295.28927406756,0.03347196446694226,-0.028600683000696903,-0.062072647467639165,50.33466059583927,0.8688068704487084
1545868800,0.5292,0.5292,0.4549,0.4549,0.4796666666666667,147848.06005021,161743.61405228855,0.0271884931516113,-0.028087031028125042,-0.05527552417973634,42.88366847623725,0.6024125153486957
1545955200,0.4583,0.54,0.4523,0.5082,0.5001666666666666,35491.10332942,146721.67114047505,0.025730287208627564,-0.023112665168951885,-0.04884295237757945,50.2820386331008,0.8078434600366263
1546041600,0.5082,0.5265,0.4872,0.4935,0.5024000000000001,63048.53039947,140689.42470308006,0.022974660016357076,-0.020124627357133107,-0.04309928737349018,48.419229189250636,0.7203433686934205
1546128000,0.5007,0.508,0.4736,0.4945,0.4920333333333333,74748.50308494,132969.85478723358,0.020499862275601285,-0.017474459528988573,-0.03797432180458986,48.55884468285171,0.7044332332050289
1546214400,0.4969,0.502,0.4419,0.45,0.46463333333333323,176728.17490919,135973.38934835658,0.015380388944938414,-0.018748835623416837,-0.03412922456835525,42.983266624555874,0.47729067280430143
1546300800,0.45,0.4757,0.441,0.4422,0.4529666666666667,159635.43580195,135240.97810835057,0.0111787086864941,-0.020155838710237628,-0.03133454739673173,42.071407246506865,0.4295729691417309
1546387200,0.4616,0.5479,0.4562,0.4822,0.49543333333333334,109740.36974266,130726.39828115955,0.010797548159372443,-0.017837612197516173,-0.028635160356888616,48.146546152245655,0.6121143478214145
1546473600,0.4786,0.4822,0.47,0.471,0.4744,49413.98841183,125746.59328508854,0.009538922264907594,-0.01671150752575412,-0.026250429790661715,46.6706697727656,0.5254295817360102
1546560000,0.4735,0.4878,0.4603,0.4786,0.4755666666666667,44125.1584095,121880.83943231055,0.008974328273094294,-0.015032519449293846,-0.02400684772238814,47.83911944616814,0.549809136588659
1546646400,0.4786,0.495,0.475,0.475,0.48166666666666663,28363.04617103,120469.35439712305,0.008139124838016792,-0.01383294167486715,-0.021972066512883942,47.31034123111305,0.4926920203519723
1546732800,0.4735,0.5065,0.472,0.488,0.4888333333333333,62570.28679186,121330.88586469604,0.008218913898144043,-0.011698424140203889,-0.019917338038347932,49.481858451249536,0.5796691551194927
1546819200,0.4882,0.543,0.463,0.4735,0.4931666666666667,340959.071532,127803.62906764953,0.00709430153126326,-0.011049461124268856,-0.018143762655532115,47.147815721996324,0.42898878940280866
1546905600,0.4746,0.5478,0.468,0.4942,0.5033333333333333,181516.82072376,116708.93718935903,0.007503960139835036,-0.00876381248073832,-0.016267772620573356,50.721431905978214,0.6088562115498144
1546992000,0.4934,0.5399,0.4821,0.5065,0.5095,77041.53037548,108217.17306751455,0.008300623671740026,-0.005891993030898324,-0.01419261670263835,52.765176909206595,0.7162965773520946
1547078400,0.5026,0.515,0.4411,0.4412,0.4657666666666666,152956.33720075,105010.44799364156,0.004326922460650379,-0.008783963626825375,-0.013110886087475754,42.65175195087005,0.0598150665126362
1547164800,0.445,0.4615,0.4411,0.445,0.4492000000000001,41226.09426361,105587.11864817305,0.0019714956679558835,-0.0106465165025309,-0.012618012170486784,43.33242814276799,0.13617008891043209
1547251200,0.4411,0.4597,0.4102,0.4285,0.4328,74709.46011762,101186.13510000255,-0.0005461447187609693,-0.013300693068937997,-0.012754548350177027,41.053872862705234,0.03765640697232398
1547337600,0.4243,0.4285,0.383,0.3978,0.4031,40280.58039512,96542.18579412605,-0.0039384446262593666,-0.017677604133001235,-0.013739159506741868,37.14064530074568,-0.12475459110007271
1547424000,0.3938,0.4331,0.3933,0.4199,0.41543333333333327,116669.06672493,99646.96583135254,-0.0043225850482106615,-0.019142390817005195,-0.014819805768794533,41.466055905633674,0.11206590342365237
1547510400,0.4199,0.4304,0.399,0.4014,0.4102666666666666,67661.20505548,102236.64117454053,-0.0053822772119772495,-0.021547652283766094,-0.016165375071788845,39.04404357807841,0.029398704768361622
1547596800,0.4246,0.4332,0.4001,0.4274,0.4202333333333333,42558.00241223,96972.13829264154,-0.003957687967243731,-0.02111248503084351,-0.017154797063599778,43.995079825584334,0.24761625768490458
1547683200,0.4275,0.431,0.4187,0.4242,0.42463333333333336,69678.36299143,98681.50127574205,-0.0029051339984626293,-0.020786214561678062,-0.017881080563215433,43.52648779891881,0.2479691903930241
1547769600,0.4333,0.4513,0.4171,0.4337,0.4340333333333333,39801.72931735,97519.16122163605,-0.0013238354329189253,-0.019535874854364088,-0.018212039421445163,45.38622381202934,0.34086763212666893
1547856000,0.4337,0.47,0.4268,0.4358,0.4442,103487.22679491,98956.09740713456,0.00003674229509806337,-0.018166111552572584,-0.018202853847670647,45.81103673331075,0.37602830776145313
1547942400,0.4357,0.4475,0.4177,0.4252,0.43013333333333326,29679.76397789,91603.67686056954,0.0003770846718686334,-0.017731498007834856,-0.01810858267970349,43.95258540316423,0.30204145404114974
1548028800,0.4241,0.4322,0.4043,0.4322,0.4229,15727.6703976,84408.28859035204,0.0011824534168891551,-0.016630515908592047,-0.017812969325481202,45.52425449428244,0.3638450948440876
1548115200,0.4164,0.45,0.4057,0.4212,0.4256333333333333,36623.85901757,80752.46305409753,0.001085659920807329,-0.01645589442447204,-0.01754155434527937,43.461762864143324,0.2969584279030613
1548201600,0.4235,0.4454,0.406,0.445,0.4321333333333333,37462.98712626,80154.91298981904,0.0026468629470866416,-0.014232975661421066,-0.016879838608507707,48.86030438935581,0.5023740752469833
1548288000,0.4214,0.4444,0.413,0.4444,0.43393333333333334,20659.83623873,78981.64688128054,0.0036022414972355886,-0.01237703673696322,-0.01597927823419881,48.73396902336038,0.5120303512217246
1548374400,0.4391,0.444,0.4,0.4073,0.41709999999999997,42764.96766967,79701.74295621253,0.0017902635138540256,-0.013741448841881276,-0.015531712355735302,41.575592130609444,0.22145756282244128
1548460800,0.4111,0.416,0.4,0.4,0.4053333333333334,32184.53656417,78182.45544482804,0.0002364329569864744,-0.01523617115950221,-0.015472604116488684,40.32059328803153,0.18544916077538062
1548547200,0.399,0.4029,0.391,0.391,0.3949666666666667,28122.533009,62540.62851867804,-0.001183170335738979,-0.016951567036162407,-0.015768396700423428,38.76688280470437,0.1436089770688136
1548633600,0.391,0.399,0.32,0.37,0.363,443141.32316305,75621.85364064254,-0.003207339910612665,-0.019777571588689258,-0.016570231678076593,35.34451502997034,-0.004400020659738649
1548720000,0.37,0.3812,0.3553,0.3643,0.36693333333333333,35449.31903522,73542.24307362954,-0.0045206091720003845,-0.022220993143077072,-0.017700383971076688,34.45538925244949,-0.07533462822439435
1548806400,0.3655,0.3993,0.3626,0.3747,0.3788666666666667,83551.87931445,70072.02017931455,-0.004281688374373718,-0.023052494439043836,-0.018770806064670117,37.542613312567745,0.09233303602228629
1548892800,0.3835,0.39,0.3691,0.3748,0.37796666666666673,31558.61504844,69588.64621855605,-0.003729972645105096,-0.023433271871051486,-0.01970329922594639,37.573061016368854,0.13532819087838804
1548979200,0.3705,0.391,0.3692,0.3805,0.38023333333333337,28559.05498997,67281.12596217355,-0.002645244683190419,-0.023009855079934416,-0.020364610396743997,39.38689205556618,0.22268595177305756
1549065600,0.3787,0.391,0.37,0.37,0.377,11905.62380031,65862.37813243306,-0.0023111153183428094,-0.02325350454467251,-0.0209423892263297,37.24035809342776,0.1503499910374427
1549152000,0.37,0.4099,0.3618,0.3618,0.3778333333333334,39926.65864935,62025.25772865406,-0.0023129140999717038,-0.02383353185129433,-0.021520617751322628,35.60826077977478,0.12290243223746126
1549238400,0.3667,0.4031,0.3571,0.363,0.3744,40455.58081854,60664.976516807066,-0.0019200142017228791,-0.02392063550347623,-0.02200062130175335,36.049958451063034,0.16722159624951638
1549324800,0.363,0.3797,0.363,0.3718,0.3715,8109.51146201,58942.551969296066,-0.000810930933654315,-0.02301428496882124,-0.022203354035166926,39.3362803402704,0.2662066189625468
1549411200,0.3701,0.3702,0.355,0.3617,0.3623,17216.37527711,56319.45258358006,-0.0005154033522672338,-0.02284760822550097,-0.022332204873233737,36.986964819973096,0.21252298137903997
1549497600,0.3596,0.38,0.359,0.3601,0.3663666666666667,10844.68230199,54871.60023281205,-0.00020166390730648812,-0.022584284757366846,-0.022382620850060358,36.61390591524604,0.2271780832876439
1549584000,0.3602,0.41,0.3568,0.3834,0.3834,177652.57348797,58579.86756746506,0.0016965631026820763,-0.02026191697170776,-0.021958480074389837,45.270909018176816,0.44057979996866053
1549670400,0.3837,0.3949,0.3732,0.3783,0.3821333333333334,16508.17989612,57921.28836337656,0.0026721195623578067,-0.01861833062144258,-0.021290450183800387,43.85892272477315,0.41288362297351905
1549756800,0.3751,0.4089,0.3653,0.3771,0.38376666666666664,46583.34248023,59464.07196750806,0.003261022302441678,-0.017214172305748288,-0.020475194608189966,43.51501167988775,0.42165767247843783
1549843200,0.3801,0.3864,0.3744,0.3761,0.3789666666666667,8213.68878086,58043.56345567256,0.00358203773036116,-0.015997647445238516,-0.019579685175599677,43.21093350534064,0.4303429636569275
1549929600,0.3793,0.3899,0.3745,0.3826,0.38233333333333336,78818.85281066,60111.35673989255,0.0041887867117445104,-0.014343701785919039,-0.01853248849766355,45.85924167030638,0.538467668975295
1550016000,0.3858,0.4047,0.3845,0.3883,0.39250000000000007,47007.31162658,61428.73050928506,0.004882219941376331,-0.012429713570943135,-0.017311933512319466,48.14303634717283,0.730102000581503
1550102400,0.3925,0.4574,0.3925,0.416,0.42196666666666666,157235.64482285,67152.26436694406,0.006986495299886552,-0.008578814387461275,-0.015565309687347827,57.52078876419158,1.2115433955229988
1550188800,0.4212,0.469,0.42,0.4545,0.44783333333333336,83629.61974472,69724.51852597157,0.010538056714000063,-0.0023927387948477485,-0.012930795508847811,66.56972079443406,1.3779314177491564
1550275200,0.4545,0.6777,0.4207,0.4373,0.5119,232334.03051845,79935.09340144407,0.011231908033645925,0.0011090895332095951,-0.01012281850043633,60.381352925361234,1.059875874190303
1550361600,0.4406,0.4697,0.4265,0.4317,0.44263333333333343,77352.66430384,61645.66045848357,0.010812914306308036,0.0033933243824487147,-0.007419589923859321,58.47538010126516,0.935119629129949
1550448000,0.4368,0.47,0.431,0.4506,0.4505333333333333,231091.30303776,71427.75965861058,0.011257263151054304,0.006651989014958559,-0.004605274136095745,62.74912683563684,1.0133030114025743
1550534400,0.4506,0.4615,0.4244,0.4465,0.4441333333333333,265618.68120525,80531.09975315057,0.010725981045926907,0.00880220217131289,-0.001923778874614018,61.27580085206771,0.9171371019033948
1550620800,0.4447,0.459,0.44,0.4531,0.45070000000000005,56519.88157127,81779.16307929208,0.010269445370786409,0.010913027838868994,0.0006435824680825846,62.79037726859374,0.9096929926423499
1550707200,0.4525,0.4625,0.43,0.432,0.4415,108438.45183378,85773.13292148258,0.008092536233318463,0.010759252759730664,0.0026667165264122007,55.33859620914565,0.7321686250821537
1550793600,0.4328,0.475,0.43,0.4417,0.4489,192922.772642,94823.99036356708,0.006898587031550599,0.01128995031585045,0.004391363284299851,57.81703425157941,0.7728074443587649
1550880000,0.438,0.4535,0.436,0.4482,0.44589999999999996,73308.3771972,96493.07629095958,0.0061633870649431205,0.012095597115478751,0.005932210050535631,59.441296198590436,0.7888742730219709
1550966400,0.4481,0.464,0.4172,0.418,0.43306666666666666,174620.2491927,103201.30970966758,0.0033981067606402467,0.010179843501335939,0.006781736740695692,49.83915849056632,0.5562411549726665
1551052800,0.418,0.44,0.413,0.42,0.4243333333333333,131999.20858933,109395.79456603357,0.001552555795077173,0.008722431484542159,0.007169875689464986,50.41047574017981,0.5550760579865738
1551139200,0.4162,0.4499,0.3939,0.4036,0.4158,96182.55672532,113344.10363844407,-0.0007975634107905876,0.006172921425976752,0.006970484836767339,45.80355977087812,0.4063797437443054
1551225600,0.4019,0.422,0.3952,0.4012,0.40613333333333335,49513.65250534,115277.55214861156,-0.002445473980619687,0.003913642360992731,0.006359116341612418,45.153234784636375,0.35794912253104305
1551312000,0.4019,0.41,0.4,0.4098,0.4066,49696.78249308,108879.76259886706,-0.002859299554443518,0.00278499189855802,0.005644291453001538,48.0022057462564,0.42044793693930027
1551398400,0.4099,0.4325,0.4026,0.403,0.4127,107665.90604752,113437.64890643707,-0.003454206241307026,0.0013265336513677561,0.004780739892674782,45.96892881791478,0.33740228839320247
1551484800,0.4031,0.4119,0.392,0.3995,0.4011333333333334,58782.22052902,114047.59280887656,-0.003912953944801274,-0.00011045253832681068,0.0038025014064744633,44.91438504507153,0.2795900926278137
1551571200,0.4007,0.4052,0.3919,0.4024,0.3998333333333334,51786.77887511,116226.24731358906,-0.003844960060713275,-0.0010036986694171302,0.0028412613912961447,46.01936114532764,0.279313756013181
1551657600,0.4024,0.4043,0.3916,0.3996,0.3985,117244.29582271,118147.51946419156,-0.003805376347994337,-0.0019154590436967767,0.0018899173042975603,45.07912938061457,0.22281850097277972
1551744000,0.3976,0.431,0.397,0.42,0.416,95534.74754908,120573.89126031655,-0.0022964316009074083,-0.0009806221968367002,0.0013158094040707081,52.66692873858276,0.4429683022611121
1551830400,0.4247,0.43,0.4057,0.4075,0.41439999999999994,174566.9937188,121440.45870511406,-0.0020399883082498843,-0.0012341759812416475,0.0008058123270082369,48.26655785563802,0.29060680506518055
1551916800,0.4104,0.4137,0.4,0.4103,0.4080000000000001,116943.77168027,123106.16630189156,-0.0016009720409848778,-0.0011954027242228604,0.0004055693167620175,49.28864795258262,0.3455693162982135
1552003200,0.4095,0.4135,0.37,0.3971,0.39353333333333335,210369.7372278,122007.95163735906,-0.0020879702103899916,-0.002204393446225472,-0.00011642323583548042,44.7954806586954,0.20146221224396121
1552089600,0.4001,0.4269,0.3993,0.409,0.41173333333333334,78830.61892354,122081.84936834406,-0.0015232647717668636,-0.00202050420054406,-0.0004972394287771963,49.28405022499289,0.3725141580223399
1552176000,0.4116,0.45,0.4107,0.4447,0.43513333333333337,131228.54080852,117088.71125688206,0.0011933575486595504,0.0009944575070472417,-0.00019890004161230866,59.83491305960542,0.856450175762038
1552262400,0.4479,0.4655,0.441,0.441,0.4491666666666667,230524.66608065,115334.01050065206,0.002599213992339452,0.0030501174488120064,0.0004509034564725544,58.477077233683374,0.8166833049427316
1552348800,0.4421,0.4767,0.4219,0.4512,0.4499333333333334,336090.27398578,129312.53012137755,0.003990951852994209,0.005439593272715315,0.0014486414197211065,61.09796288824889,0.9635730419337682
1552435200,0.4512,0.4601,0.4349,0.4503,0.4484333333333333,214352.55384819,134608.23522209804,0.004583411006002313,0.007177905177223998,0.0025944941712216845,60.73369833893552,0.9123466287694991
1552521600,0.4501,0.4501,0.4318,0.44,0.4406333333333334,33886.90963539,126656.44207176755,0.0040335075011687935,0.007636378547682676,0.0036028710465138827,56.57645623886748,0.7796274721555907
1552608000,0.4471,0.455,0.44,0.447,0.44733333333333336,103081.78182866,128145.11230334055,0.0038912724685940658,0.008466961632256464,0.004575689163662399,58.64810672243159,0.8746471160092403
1552694400,0.4465,0.5099,0.446,0.5045,0.4868,426732.30917413,140750.71530241208,0.007225935357732825,0.01360810836082843,0.006382173003095605,70.92056719708421,1.2671411782778952
1552780800,0.5077,0.54,0.48,0.4896,0.5032,119839.91519115,140142.75063250307,0.007928173737842065,0.016292390175398186,0.00836421643755612,65.49612648382139,1.0216612847347555
1552867200,0.4896,0.505,0.475,0.491,0.49033333333333334,209293.75644347,145798.31061841056,0.00796580494652456,0.01832147262071182,0.01035566767418726,65.76111607609434,0.9580558312188612
1552953600,0.491,0.6,0.4785,0.5985,0.559,483228.25897961,167484.04094212406,0.014337799015859931,0.028277916444012174,0.013940117428152243,79.05976698328803,1.3155219522290145
1553040000,0.5922,0.6944,0.55,0.6365,0.6269666666666667,721325.22991405,201065.46331317257,0.019878012171392286,0.0387876326423926,0.018909620471000314,81.75713847673006,1.2219879365307365
1553126400,0.6331,0.83,0.591,0.8299,0.7502999999999999,1843772.00915224,287870.76846840855,0.03447841298266376,0.062007636699330015,0.027529223716666253,89.30676961880023,1.3640607951286003
1553212800,0.8265,0.8299,0.692,0.7474,0.7564333333333333,468050.02224669,308334.1585542921,0.03630631003025743,0.07291211125448804,0.036605801224230614,75.04049376896742,1.0457270658207793
1553299200,0.7474,0.8251,0.683,0.7126,0.7402333333333334,192554.69553915,315372.5543874941,0.03299418091913592,0.07784852737315051,0.04485434645401459,69.96348787440252,0.912285161299048
1553385600,0.7224,0.7297,0.6624,0.6695,0.6872000000000001,94581.07914087,314239.39355340216,0.02602912324958697,0.07739075051599831,0.05136162726641134,64.17261010774588,0.7937541817802649
1553472000,0.6672,0.7382,0.656,0.6819,0.6920333333333334,204815.02023745,319703.4071878206,0.02062215526569615,0.07713932134853152,0.05651716608283537,65.06842888918632,0.7867653750200743
1553558400,0.6826,0.6868,0.6446,0.659,0.6634666666666666,112765.78867506,316613.34693563357,0.014175444311821862,0.0742364714726127,0.060061027160790835,61.985972821614865,0.7194423161538435
1553644800,0.66,0.75,0.6591,0.7223,0.7104666666666667,149699.87465932,318251.1520845861,0.012883763764515901,0.07616573186643572,0.06328196810191981,66.68415941608453,0.8080041926483806
1553731200,0.7178,0.81,0.71,0.783,0.7676666666666666,952877.57800637,355376.54412351456,0.014695577805540039,0.08165144035884486,0.06695586255330482,70.4550143731028,0.8789996227857625
1553817600,0.7807,0.95,0.78,0.8739,0.8679666666666667,585386.11132632,380704.31874365354,0.020251423096801474,0.09227014142430667,0.0720187183275052,75.01557547528259,0.9759123981335541
1553904000,0.8978,0.94,0.8614,0.9399,0.9137666666666666,164263.15922067,382356.04966426105,0.026227491132266925,0.10480308224283885,0.07857559111057193,77.70636715348665,1.0034109540008218
1553990400,0.9399,1.16,0.9285,1.0554,1.0479666666666665,580026.89203135,399831.16096179606,0.0352528678827366,0.12264167596399267,0.08738880808125607,81.46785128440354,1.0687281512812494
1554076800,1.0526,1.0779,0.958,0.9846,1.0068333333333332,473621.297667,406707.7121458571,0.033746787911799164,0.12957229297100503,0.09582550505920587,73.30320609614138,0.9126717395484515
1554163200,0.9755,1.03,0.9102,1.0214,0.9872,916640.98632675,441822.13376978505,0.032508610967717094,0.13646126876885223,0.10395265780113513,74.7213001376131,0.9114385258037425
1554249600,1.0218,1.05,0.9103,0.95,0.9701000000000001,1378551.47449632,509055.3620128316,0.024524092806840453,0.1346077738096857,0.11008368100284524,67.25654519856336,0.7884527903327898
1554336000,0.9502,1.0299,0.82,0.85,0.8999666666666667,1091530.91659223,558477.8187510101,0.010848579752003332,0.1236444056928494,0.11279582594084607,58.449355809321595,0.6318996153894585
1554422400,0.85,1.05,0.848,1.026,0.9746666666666668,388830.28173476,556582.7173790417,0.011911903448551142,0.127685705251535,0.11577380180298386,66.71152419987484,0.8542297754807365
1554508800,1.0128,1.0129,0.9577,0.96,0.9768666666666668,151576.61518783,558169.5523788757,0.0066864790155528875,0.12413190057242496,0.11744542155687207,61.75259989933258,0.7366832156842037
1554595200,0.9623,0.9949,0.9573,0.9702,0.9741333333333332,91076.89585088,552258.7093492461,0.0026409806163284893,0.12074664732728269,0.1181056667109542,62.22000073025705,0.736435097924811
1554681600,0.9763,0.9938,0.9067,0.919,0.9398333333333334,257364.45974747,540965.5193876392,-0.0043773151803805505,0.11263402273547851,0.11701133791585906,58.36441661268053,0.6285380672399026
1554768000,0.919,0.99,0.89,0.9416,0.9405333333333332,228369.02552049,516317.7091679612,-0.008171271753849851,0.10679724822354675,0.1149685199773966,59.55576813416657,0.6510401297654291
1554854400,0.945,1.02,0.936,1.0199,0.9919666666666669,190931.61841405,433675.68963105173,-0.006172121639377123,0.10725336792817519,0.11342548956755232,63.45712751741291,0.7775918286976303
1554940800,1.0199,1.02,0.9107,0.9303,0.9536666666666664,203561.30443509,420451.2537404717,-0.01134768147774648,0.09924088772036921,0.11058856919811569,56.71512110178282,0.5911957853452546
1555027200,0.9286,0.9769,0.9183,0.9769,0.9573666666666667,103900.51796938,416018.54486198316,-0.012031069644939343,0.09554973214194151,0.10758080178688086,59.14622508267874,0.6623181887116203
1555113600,0.97,0.9886,0.9554,0.98,0.9746666666666667,70141.24575858,414796.55319286865,-0.012611674434208686,0.09181620874412,0.10442788317832868,59.30995046256406,0.6498717162659955
1555200000,0.9791,1.1879,0.9545,1.1359,1.0927666666666667,371174.46215552,423114.5252887722,-0.0033173367425291256,0.10028121225016728,0.10359854899269641,66.56656313428121,0.956702646139547
1555286400,1.1339,1.1976,1.0332,1.1045,1.1117666666666668,420141.90333422,438483.3310217302,-0.0002662885047644281,0.10326568836174088,0.10353197686650531,64.08750173728211,0.8831697766828601
1555372800,1.0611,1.1799,1.0258,1.1351,1.1136000000000001,335009.66282038,447748.8204297832,0.0026689479477229466,0.10686816180115899,0.10419921385343604,65.4383365568116,0.9500531660180056
1555459200,1.1598,1.27,1.1472,1.27,1.2290666666666668,385151.72704711,419362.5278818202,0.012027825135694808,0.11923399527305456,0.10720617013735975,70.67515543978436,1.1903812802696303
1555545600,1.2672,1.47,1.2658,1.3733,1.3697,661717.3992492,423179.0922779642,0.022878256059961036,0.13580399021231104,0.11292573415235001,73.93237768675218,1.2102758163942524
1555632000,1.3853,1.485,1.275,1.3797,1.3799,555186.08130919,442725.23838239023,0.027858690654114296,0.14774909746999287,0.11989040681587858,74.12414330578284,1.0815374479006166
1555718400,1.3763,1.4022,1.3201,1.3429,1.3550666666666666,461901.17033943,436818.9522977943,0.026078423989918248,0.1524884368032764,0.12641001281335815,70.8946433934139,0.9480506947190712
1555804800,1.3566,1.3869,1.3001,1.3305,1.3391666666666666,259899.13006317,426132.8439176028,0.021651718267580944,0.15347466064783433,0.13182294238025338,69.79123815089486,0.8781066260621702
1555891200,1.3319,1.3683,1.3036,1.36,1.3439666666666668,279830.28346596,394292.3087745632,0.018422942510730678,0.15485162051866674,0.13642867800793607,70.94963720792776,0.8742673899653256
1555977600,1.36,1.49,1.36,1.4714,1.4404666666666668,355642.81961063,343146.87603027874,0.02129894086306705,0.16305235408676988,0.14175341322370283,74.8687457525121,0.9586598812708194
1556064000,1.468,1.468,1.17,1.235,1.2910000000000004,919696.16419116,334555.1384102252,0.005606200701578967,0.14876116410067652,0.14315496339909756,57.225692244865336,0.6276611030550011
1556150400,1.235,1.2671,1.0666,1.1,1.1445666666666667,804494.73611995,355338.3611294847,-0.014444092208146075,0.12509984813891495,0.13954394034706102,49.98203186240616,0.43435000632133075
1556236800,1.1,1.1471,0.9863,1.1299,1.0877666666666668,1489056.41287154,422212.3510136703,-0.02561809150336028,0.10752132596786068,0.13313941747122096,51.44790734735444,0.4633141656219667
1556323200,1.1299,1.2461,1.1277,1.1924,1.1887333333333334,523074.17038851,443812.21474055183,-0.028503997763170058,0.0975094202672584,0.12601341803042845,54.452782285869255,0.5386814625237241
1556409600,1.188,1.217,1.1377,1.1429,1.1658666666666668,270060.62836814,444447.0231715852,-0.033126415871469764,0.08460539819109125,0.11773181406256102,51.7224983865873,0.4451693047020964
1556496000,1.1617,1.1659,1.0431,1.1308,1.1132666666666664,406666.15423373,453361.8796072472,-0.03613264873982042,0.0725660031377855,0.10869865187760591,51.04868880968474,0.4057573714333342
1556582400,1.1124,1.21,1.1102,1.2001,1.1734333333333333,401673.61111615,463898.9792423522,-0.032691184865839815,0.06783467079530614,0.10052585566114595,54.68942961628628,0.5069665385614608
1556668800,1.1928,1.2285,1.1673,1.179,1.1916,151721.1182422,461306.9699327078,-0.031083443795493645,0.061671550916778894,0.09275499471227254,53.38746659590525,0.44363793636611754
1556755200,1.186,1.2905,1.175,1.2759,1.2471333333333334,279432.36588002,470083.5623282398,-0.023107995310496662,0.06387000057415171,0.08697799588464837,58.29748892070964,0.6090107899630613
1556841600,1.2693,1.2988,1.2286,1.2795,1.2689666666666668,476160.07843121,490384.50396187126,-0.01746099760798482,0.06515174887466735,0.08261274648265217,58.472505782662175,0.5960164056239032
1556928000,1.2804,1.289,1.1284,1.2014,1.2062666666666666,454723.24009439,494561.94285881484,-0.018743558685491837,0.059183298125787376,0.07792685681127921,53.251187151170306,0.4037349101223683
1557014400,1.1968,1.1968,1.1326,1.1419,1.1571,172641.46989356,482186.9211867818,-0.023072470078752808,0.04908626921283821,0.07215873929159101,49.61620213644989,0.25208985354039815
1557100800,1.1419,1.2649,1.12,1.2298,1.2049,387127.31933812,484792.8040126688,-0.019624535670779694,0.047628069703116394,0.06725260537389609,54.55187015324383,0.4534985204172413
1557187200,1.2298,1.2889,1.1827,1.2049,1.2255,465129.08809301,488791.67206496384,-0.018636875588443652,0.043956510888341516,0.06259338647678517,52.968905582499154,0.3994552029632802
1557273600,1.2041,1.22,1.1353,1.1646,1.1733,302358.89354267,470823.7467796373,-0.020183357377003316,0.03736418975553102,0.057547547132534335,50.41887670169713,0.3190996701192994
1557360000,1.1637,1.2198,1.0688,1.0958,1.1281333333333332,388993.10192943,462514.0978106493,-0.02500992252962545,0.026285143970502522,0.051295066500127974,46.31916865131332,0.1729406059681134
1557446400,1.1009,1.1651,1.07,1.1175,1.1175333333333333,390033.8275805,458920.73067270283,-0.025806862620315334,0.019036488224733805,0.04484335084504914,47.761957052016825,0.2547224551980956
1557532800,1.1154,1.3621,1.1015,1.2701,1.2445666666666666,1022399.64690323,497045.75651470583,-0.015623783618725844,0.025313621321641833,0.040937404940367676,56.59656013252888,0.6768947863465233
1557619200,1.27,1.349,1.2001,1.2309,1.26,353561.34021676,500732.3093522458,-0.011297073353412297,0.026816063248602307,0.038113136602014604,54.06697982512281,0.5934248861574528
1557705600,1.2335,1.3886,1.2138,1.3161,1.3061666666666667,834802.48906482,524690.2928249554,-0.002903169162684946,0.034484175148658425,0.03738734431134337,58.41719218243471,0.997038968919254
1557792000,1.3268,1.5053,1.3006,1.505,1.4369666666666667,374399.80745406,497425.4749881004,0.014224459705568925,0.05516791894330453,0.040943459237735604,66.08619678096869,1.3110639785861433
1557878400,1.505,1.7989,1.5,1.7903,1.6964,1011971.83161913,507799.3297630594,0.04204796176503522,0.09350341144402963,0.05145544967899441,73.9118828256529,1.3903006690305064
1557964800,1.7776,1.94,1.6078,1.7108,1.7528666666666666,1055836.73854903,486138.3460469339,0.05174035640216673,0.11613089518170283,0.0643905387795361,69.12522355684811,1.1032929241551208
1558051200,1.7025,1.8,1.5185,1.6689,1.6624666666666668,1196386.34774324,519803.9549146703,0.05184205024340467,0.12919310158379194,0.07735105134038726,66.67441689438199,0.9663058343452087
1558137600,1.6684,1.7472,1.599,1.6407,1.6623,310410.49547427,521821.4482699769,0.04668329114455695,0.13570516527108345,0.0890218741265265,65.00397195026466,0.8808117088803602
1558224000,1.6405,1.8811,1.6333,1.859,1.7911333333333335,402417.38323941,521609.0097202609,0.05412246619865614,0.15667495687484667,0.10255249067619053,71.0504682847428,1.0308249381675345
1558310400,1.859,1.859,1.6341,1.6615,1.7182000000000002,438004.56152538,523425.5572407224,0.042409067804589654,0.1555638254319276,0.11315475762733794,60.813263404077084,0.7912815845720814
1558396800,1.6613,1.7,1.639,1.6706,1.6698666666666666,383439.10296654,535011.4564769394,0.032393313620240616,0.1536463996526387,0.1212530860323981,61.09143872534247,0.7714917581392547
1558483200,1.6773,1.68,1.5501,1.5544,1.5948333333333335,347884.08620262,538434.0424930693,0.015896468131713748,0.14112367119704028,0.12522720306532653,55.65820810066897,0.6398791080212745
1558569600,1.5534,1.639,1.45,1.6265,1.5718333333333332,461614.27527701,537706.7523353593,0.008182826904054419,0.13545573669539457,0.12727290979134015,58.14553789400846,0.6935302596913503
1558656000,1.6385,1.7132,1.5635,1.5881,1.6216000000000002,327975.05726844,531369.3431940619,-0.0006918124020764416,0.12640814428874458,0.12709995669082103,56.33309477298777,0.637837340786514
1558742400,1.5798,1.63,1.5411,1.575,1.5820333333333334,128481.63826332,529161.35161255,-0.008212755879458855,0.11683401184149744,0.1250467677209563,55.69528498618791,0.6066106338245005
1558828800,1.5697,1.7289,1.5049,1.6763,1.6367,294046.24138456,524507.2977148719,-0.007171509479313928,0.11608238087181388,0.12325389035112781,59.512698712539986,0.6924723687926785
1558915200,1.6658,1.729,1.6113,1.6366,1.658966666666667,313802.07587823,516940.9471041329,-0.009800177475531621,0.11100366850671328,0.1208038459822449,57.42445162302816,0.6314902216280084
1559001600,1.6367,1.6478,1.57,1.5856,1.6011333333333333,382330.26717241,520939.5157856199,-0.015290080611603502,0.10169124521774053,0.11698132582934404,54.765889933684946,0.5552776478982692
1559088000,1.5891,1.6055,1.55,1.5733,1.5762666666666665,662987.64838297,534639.2431082969,-0.019780967931649823,0.09225511591478175,0.11203608384643157,54.11517826046927,0.5141310062148188
1559174400,1.5687,1.6952,1.39,1.4972,1.5274666666666665,1002285.69111281,565251.8362849124,-0.02743675388257978,0.07774014149320685,0.10517689537578663,50.14533623601176,0.36355253473177856
1559260800,1.4985,1.5338,1.4166,1.5187,1.4897,491261.36775861,538694.9223276813,-0.03038377013035079,0.06719718271284814,0.09758095284319893,51.23379401300547,0.36377956298147335
1559347200,1.5234,1.5299,1.453,1.4816,1.4881666666666666,233054.63844943,532669.5872393149,-0.033895397632371996,0.055211705802733935,0.08910710343510593,49.23618573280702,0.22664675345974505
1559433600,1.4804,1.582,1.4786,1.5249,1.5285000000000002,173570.02020153,499607.9637961504,-0.03236863257539581,0.04864631271586117,0.08101494529125698,51.60771563680619,0.2581642631514998
1559520000,1.5101,1.5187,1.35,1.3698,1.4128333333333334,360672.25980784,498921.58641383937,-0.040351586059754585,0.03057546271656375,0.07092704877631834,43.72750783633166,-0.061112556008016114
1559606400,1.3595,1.3852,1.1455,1.2151,1.2486,862441.22025194,491445.05584547983,-0.05375907078665976,0.003728210292993639,0.057487281079653396,37.566070907180766,-0.2056237105444726
1559692800,1.215,1.24,1.101,1.1951,1.1787,907109.31543034,484008.68468954536,-0.06114493698865253,-0.01894389015616227,0.04220104683249026,36.84328448466825,-0.0967948193938643
1559779200,1.1951,1.4444,1.1545,1.3261,1.3083333333333333,724720.37857517,460425.3862311419,-0.05459356113027969,-0.026040904580359348,0.02855265654992034,44.39053723991994,0.16067725324720525
1559865600,1.3279,1.4268,1.2369,1.317,1.3269000000000002,464294.67706755,468119.59531080595,-0.04846645083774579,-0.032030406997261895,0.016436043840483895,43.997214262717456,0.1826472164249569
1559952000,1.317,1.3298,1.22,1.2715,1.2737666666666667,319924.55654414,463994.9539760424,-0.04513895334634295,-0.039987647842444796,0.005151305503898156,41.99367663091328,0.13342930074314246
1560038400,1.2711,1.2825,1.1801,1.2244,1.229,254611.42605054,454825.2972023004,-0.043739859294864715,-0.04952351861468274,-0.005783659319818023,39.96485102788137,0.10624085093210654
1560124800,1.2149,1.3201,1.2021,1.2975,1.2732333333333334,332013.94901656,452254.0395048014,-0.035852218804340134,-0.05059893282524319,-0.014746714020903056,44.45046980136611,0.24828533912054157
1560211200,1.305,1.3111,1.1658,1.2977,1.2581999999999998,388573.28618766,454288.4995040534,-0.028881759491570364,-0.05084891338536601,-0.02196715389379565,44.46269620874182,0.27190432471125053
1560297600,1.2949,1.3023,1.2319,1.2761,1.2701,354379.66666873,448926.7690736394,-0.02417697226674306,-0.052188369227224474,-0.028011396960481414,43.35289544587883,0.2618717561611338
1560384000,1.2851,1.3177,1.2509,1.2738,1.2808,300340.16966119,447545.0246932769,-0.019852112011917784,-0.052826536975378646,-0.03297442496346086,43.22916265298977,0.2813028267176999
1560470400,1.2714,1.2898,1.19,1.231,1.2369333333333332,380254.88082658,460133.6868214399,-0.018531467348202976,-0.05613875914871458,-0.0376072918005116,40.89038709848374,0.23819986123939804
1560556800,1.2309,1.2677,1.2126,1.2446,1.2416333333333334,276217.15551928,459242.23252817587,-0.015521483989269037,-0.0570091467870979,-0.04148766279782886,41.96482870086458,0.2785435044290103
1560643200,1.2452,1.3079,1.2371,1.2956,1.2802,265793.31921896,456841.79469521233,-0.009188286937072146,-0.052973021469169046,-0.0437847345320969,45.93370243132242,0.3899028393531696
1560729600,1.2958,1.35,1.2808,1.3227,1.3178333333333334,436913.15365559,459570.9390193714,-0.0026084607785874653,-0.04704531050533123,-0.04443684972674376,47.969875435356066,0.46693795359008033
1560816000,1.3277,1.35,1.21,1.2265,1.2621666666666667,707102.35073808,461776.67413712695,-0.004081750373122625,-0.04953903769314705,-0.04545728732002442,41.93272989104356,0.2697307784428711
1560902400,1.2196,1.2909,1.1652,1.199,1.2183666666666666,416854.42780652,432505.11097181245,-0.006131767992804071,-0.05312199731102951,-0.04699022931822544,40.368682402924826,0.2245363306533921
1560988800,1.1975,1.2076,1.06,1.13,1.1325333333333332,919369.16604147,453910.5008859554,-0.011070259763299672,-0.06082805402235003,-0.04975779425905036,36.67261596394064,0.06978596215497389
1561075200,1.13,1.2235,1.026,1.1672,1.1389000000000002,593822.03281872,471948.8706044199,-0.0107576400146824,-0.06320484427740336,-0.05244720426272096,39.869092252976714,0.18665006043056173
1561161600,1.173,1.257,1.1285,1.2175,1.2009999999999998,827485.83127193,504644.6611579399,-0.0063095831069710645,-0.060334183146434794,-0.05402460003946373,43.98613351261487,0.340191301289686
1561248000,1.2289,1.2395,1.1752,1.1843,1.1996666666666667,224443.42930831,497833.21963296336,-0.004817082910415507,-0.06004595367748311,-0.0552288707670676,41.94477129659524,0.21663528842037125
1561334400,1.1758,1.1895,1.05,1.1624,1.1339666666666668,465092.2636436,477965.77180254634,-0.004523189020818573,-0.06088285704309082,-0.05635966802227225,40.60606321598027,0.14496194837446635
1561420800,1.1586,1.172,1.05,1.0894,1.1038,728080.92810411,469014.3524362349,-0.00824673810524705,-0.06666809065383106,-0.05842135254858401,36.432039029366386,-0.06822302182588456
1561507200,1.0894,1.175,0.98,1.0766,1.0772000000000002,1184447.10343836,492000.6886793944,-0.010432528673002692,-0.07146201338983738,-0.061029484716834684,35.73834132062392,-0.025010208045762726
1561593600,1.071,1.1117,0.8801,0.9608,0.9842000000000001,887598.37598736,513165.87362538493,-0.018089340770521628,-0.08364116067998673,-0.0655518199094651,30.145933966582547,-0.1995709639575743
1561680000,0.9572,1.09,0.9538,1.0015,1.0151000000000001,540713.3015771,524205.3108770329,-0.01874520677498384,-0.08898332837819489,-0.07023812160321105,34.05197441998274,0.006449364444792921
1561766400,1.0048,1.0399,0.924,1.0261,0.9966666666666667,504129.31978756,536681.205563884,-0.015963374088920387,-0.09019233921436154,-0.07422896512544115,36.368013633302155,0.11948895834547955
1561852800,1.028,1.04,0.8835,0.9314,0.9516333333333332,630753.23141472,551618.1696837919,-0.018749750263930248,-0.09766615295535397,-0.07891640269142372,31.74598647790559,-0.014230349688673993
1561939200,0.9276,0.9566,0.821,0.9212,0.8996000000000001,659645.75883309,565171.7933160635,-0.01944477836943828,-0.10322237565322157,-0.08377759728378328,31.284795180447517,0.03527675097755515
1562025600,0.9182,1.1151,0.8535,1.0171,0.9952333333333333,552129.55902807,575059.2879340305,-0.011977182785124912,-0.09874907576518943,-0.08677189298006452,40.096281608648624,0.25809801441473834
1562112000,1.0218,1.298,1.0182,1.2324,1.1828666666666667,1634608.72176285,641772.7155391134,0.007862250973654047,-0.07694407926299696,-0.084806330236651,54.27308557914768,0.7117994328716548
1562198400,1.2424,1.32,1.14,1.2023,1.2207666666666668,827153.30452632,664117.6367241004,0.018737322955914543,-0.06138467654175783,-0.08012199949767237,52.40579869587774,0.6527469347365453
1562284800,1.2022,1.2941,1.1847,1.29,1.2562666666666666,455600.99427687,673086.8286619799,0.03089863205021952,-0.041498709434897973,-0.07239734148511749,57.04321500094582,0.8271084350021025
1562371200,1.29,1.2981,1.2001,1.2273,1.2418333333333333,295465.38102709,674570.4317523864,0.03356001285869657,-0.030447325411746773,-0.06400733827044335,53.06248896261687,0.7104133177782754
1562457600,1.2103,1.2386,1.15,1.205,1.1978666666666666,158808.25406068,660665.1867726409,0.03262925224254366,-0.02322077296726377,-0.05585002520980743,51.68111218241654,0.6866665834166896
1562544000,1.2074,1.2452,1.1689,1.2289,1.2143333333333335,260377.06064034,638328.9222677539,0.03236980638458063,-0.01538776722908164,-0.04775757361366227,53.09060254319564,0.7408131701861201
1562630400,1.2274,1.2494,1.149,1.2192,1.2058666666666669,259488.50821548,630460.6262882019,0.030326677351348585,-0.00984922692447654,-0.040175904275825125,52.422229105958344,0.7148021493134434
1562716800,1.2203,1.2663,1.146,1.18,1.1974333333333333,480869.92495499,608535.6642338779,0.025320932744815172,-0.00852473834480616,-0.03384567108962133,49.69921392140752,0.6194699251034275
1562803200,1.1785,1.1916,0.9501,1.004,1.0485666666666666,562279.64036442,606958.5446111629,0.00993271955833315,-0.021429771641704898,-0.03136249120003805,39.722593314294485,0.2471163120166919
1562889600,1.0088,1.09,0.9808,1.0715,1.0474333333333334,369433.21253792,584055.9136744624,0.004360614233378045,-0.02591172340831549,-0.030272337641693535,44.337593319437325,0.4102873274488205
1562976000,1.081,1.09,0.94,0.9939,1.0079666666666667,374398.1725397,591553.6508360319,-0.00403672762682368,-0.03531824717522314,-0.03128151954839946,40.4987418441178,0.2610723533984233
1563062400,0.994,1.0168,0.9274,0.95,0.9647333333333332,212620.13084542,578930.0441961229,-0.011604814687666887,-0.04578753790798307,-0.03418272322031618,38.46950262314687,0.19755246345891142
1563148800,0.95,1.0197,0.88,0.9764,0.9587000000000001,581044.44925515,571578.2202536749,-0.013743577789739489,-0.051362195457490545,-0.037618617667751056,40.40341667354773,0.2712987984013446
1563235200,0.9658,0.9825,0.84,0.8713,0.8979333333333335,596163.46037177,542164.0381003453,-0.02072792672018927,-0.06352852606798765,-0.042800599347798375,35.6055525418094,0.10238615291719291
1563321600,0.8712,0.9607,0.8282,0.9217,0.9035333333333333,483733.72183742,521970.8053928483,-0.020412373999774816,-0.0683160668475169,-0.04790369284774208,39.326402058181145,0.20888851358902885
1563408000,0.923,0.9981,0.9015,0.9727,0.9574333333333334,302323.85677571,510051.3331527788,-0.015453111614590231,-0.06722008236597987,-0.05176697075138964,42.920564311881854,0.31078320763398226
1563494400,0.972,0.9892,0.9295,0.977,0.9652333333333333,170532.60088743,493371.49720777234,-0.010788298837229829,-0.06525234429792692,-0.054464045460697094,43.22593747252514,0.32535401464527686
1563580800,0.979,1.0624,0.976,1.0399,1.0261000000000002,152607.61447407,469464.2163607398,-0.0027882747486300055,-0.0579493888964846,-0.055161114147854594,47.638868029052865,0.431829375648837
1563667200,1.0379,1.1726,0.92,1.0806,1.0577333333333334,921086.23844756,482536.2403414633,0.005472423599346916,-0.04832058464867095,-0.053793008248017866,50.329205000013886,0.49504549147486276
1563753600,1.0773,1.1551,1.0751,1.1154,1.1152,379033.02170005,473881.41347506235,0.013074471088579516,-0.03744991938729347,-0.05052439047587299,52.573047602145564,0.5555773542824869
1563840000,1.1154,1.1264,1.0002,1.0623,1.0629666666666666,364663.21395444,410384.1380846418,0.014225805074687875,-0.032742134132513145,-0.04696793920720102,48.94012369525632,0.4638971945491253
1563926400,1.0562,1.12,0.941,0.991,1.0173333333333334,754567.10446392,406754.82808152185,0.010079697009253971,-0.03436831794563355,-0.044448014954887524,44.494067481187116,0.3333704737751487
1564012800,0.9906,1.0562,0.9818,1.0346,1.0242000000000002,167161.06402985,392332.83156917087,0.010140276634581315,-0.03177266916166088,-0.0419129457962422,47.62732633170197,0.4489304821005314
1564099200,1.0297,1.05,1,1.0395,1.0298333333333334,134179.06212029,384268.51562383084,0.010341495591970715,-0.028986076306278807,-0.03932757189824952,47.98271113992784,0.48148909072088625
1564185600,1.0394,1.0599,0.9772,1.0077,1.0149333333333335,275873.69239142,390121.78754036786,0.008254637705383226,-0.029009274766520488,-0.037263912471903714,45.810152180955285,0.41993106539542663
1564272000,1.0102,1.0133,0.9701,1.0128,0.9987333333333334,181478.40337456,386176.8546770789,0.0071791119249895174,-0.028290022565666817,-0.035469134490656334,46.230636133674295,0.4584164497644044
1564358400,1.008,1.0382,0.9968,1.0112,1.0154,93261.76076957,377865.5173047834,0.006349909358789117,-0.027531747792169936,-0.03388165715095905,46.109754923672995,0.4831486584985698
1564444800,1.0129,1.27,1,1.2195,1.1631666666666667,1330732.99662626,420358.6708883469,0.019099420487328284,-0.010007381541798699,-0.029106802029126983,60.56595688164998,1.2044960594974639
1564531200,1.2152,1.3097,1.2112,1.2613,1.2607333333333335,691596.24414811,426824.5010775315,0.029022283387057625,0.00717105220469505,-0.021851231182362575,62.72674914211437,1.1481421252738926
1564617600,1.2709,1.459,1.2355,1.3991,1.3645333333333334,689802.02676271,442842.9417887709,0.042713633140340095,0.031540810243062545,-0.01117282289727755,68.79687175751397,1.2346630129478697
1564704000,1.3992,1.468,1.3501,1.4255,1.4145333333333336,577894.63830685,453017.7650771284,0.05084263350846316,0.0523804689883014,0.0015378354798382416,69.81121562913978,1.1170205319586026
1564790400,1.4336,1.4666,1.3715,1.4384,1.4254999999999998,286551.83168742,456714.3501192285,0.05408170630303821,0.069139968358636,0.015058262055597795,70.31895027264392,1.030908908028279
1564876800,1.4282,1.4987,1.3781,1.4254,1.4340666666666666,351915.20824392,445257.888068667,0.05230992903880098,0.08044567335409902,0.028135744315298042,69.05844036705318,0.9415673501894408
1564963200,1.4366,1.4998,1.3301,1.47,1.4333,539809.74948547,442440.202524352,0.05104700005231923,0.09194449438069707,0.040897494328377845,70.98038851845065,0.9453312582274951
1565049600,1.457,1.7,1.3601,1.4709,1.5103333333333335,1354512.73231399,485979.1530481805,0.047264033784970315,0.09997753655959074,0.052713502774620426,71.01950840160045,0.8968596624640088
1565136000,1.4815,1.4963,1.3302,1.3435,1.39,561013.10605786,498913.615512288,0.03380433575266541,0.09496892246545219,0.06116458671278678,58.91277365795217,0.7052041910811921
1565222400,1.3537,1.6,1.335,1.5571,1.4973666666666663,1779968.46226983,579385.408581408,0.03666980577421236,0.10700184393055223,0.07033203815633987,68.58289685492471,0.9322655412448906
1565308800,1.5581,1.5897,1.366,1.4339,1.4631999999999998,1416469.37739176,642578.4967272924,0.028039995108669696,0.105382032042177,0.0773420369335073,59.83551019927799,0.7479993962770233
1565395200,1.4393,1.4446,1.3564,1.3929,1.3979666666666668,380947.16723847,615571.5431668379,0.017839457289279076,0.09964135854510614,0.08180190125582706,57.219932234197884,0.6763917887268098
1565481600,1.3949,1.4121,1.3682,1.3797,1.3866666666666667,113232.32585591,602281.5083746309,0.008922618490397854,0.09295517436882439,0.08403255587842653,56.36565663818195,0.6431902914257651
1565568000,1.3821,1.3872,1.3438,1.3627,1.3645666666666667,240438.79589313,596070.2874715655,0.0010149692174969693,0.08530126740029775,0.08428629818280078,55.222188807593895,0.6045508471295448
1565654400,1.3659,1.3782,1.25,1.2521,1.2934333333333334,375682.54282586,577126.0593896626,-0.011821254223600183,0.06950973040330055,0.08133098462690073,48.34997693472726,0.43656077888552003
1565740800,1.2536,1.3974,1.1318,1.1484,1.2258666666666667,732167.50481796,605376.381429068,-0.026606431517426837,0.04807294523011718,0.07467937674754402,42.95262268182741,0.272812998192262
1565827200,1.1524,1.2906,1.0323,1.2207,1.1811999999999998,844259.05416024,640880.3810310655,-0.03054556163227977,0.036497424707194304,0.06704298633947407,47.36435192739211,0.35784451946180795
1565913600,1.2189,1.2378,1.1393,1.2194,1.1988333333333332,448303.03326324,649501.8480746566,-0.032107464331767,0.026908655924765323,0.05901612025653232,47.29353050543442,0.3237484715630215
1566000000,1.2216,1.2234,1.1705,1.1809,1.1916000000000002,208877.84954717,650871.820383287,-0.03439832710955481,0.01601821136958881,0.05041653847914362,45.140825122731215,0.21633062226739982
1566086400,1.1916,1.2397,1.1758,1.2033,1.2062666666666666,107910.76793639,651604.270741628,-0.03306110065779082,0.009090162656905099,0.042151263314695916,46.66204228339478,0.2000911635881186
1566172800,1.2001,1.2441,1.1928,1.2198,1.2188999999999999,176311.77209789,593883.2095152095,-0.02982112906552746,0.004874851982786588,0.03469598104831405,47.810061969138545,0.23615923275491563
1566259200,1.2171,1.2295,1.1546,1.1581,1.1807333333333334,141197.08667243,566363.2516414255,-0.030480971271370717,-0.003405233040899347,0.02707573823047137,43.996611699600905,0.13058540669116067
1566345600,1.1608,1.1631,1.1,1.1275,1.1302,175980.66195743,540672.1834011615,-0.0314963495512277,-0.012294698708563256,0.019201650842664446,42.198896776465695,0.11788927822511734
1566432000,1.1215,1.1614,1.094,1.135,1.1301333333333332,189626.4589107,521258.7744313539,-0.03017810360399817,-0.018520978662333265,0.011657124941664904,42.81563858218005,0.17119599994989343
1566518400,1.1361,1.205,1.134,1.1717,1.1702333333333332,274136.33570304,520637.99963213486,-0.02553403404590504,-0.020260417615716397,0.0052736164301886435,45.859859216007386,0.2659885665773652
1566604800,1.172,1.1721,1.1135,1.1469,1.1441666666666666,136791.14648807,509881.7965443424,-0.022915441576820773,-0.02337068554083732,-0.0004552439640165499,44.14947115904403,0.24523270704109332
1566691200,1.1475,1.1679,1.1148,1.1339,1.1388666666666667,162606.92093597,491021.6551168674,-0.02089837249164457,-0.026578209578572265,-0.005679837086927693,43.23910729183635,0.24467451832546552
1566777600,1.1351,1.2,1.1351,1.1729,1.1693333333333333,247700.91452347,435681.0642273413,-0.015997914567817753,-0.025677230296699882,-0.00967931572888213,46.78426461314693,0.3411630703047452
1566864000,1.1647,1.1728,1.11,1.1269,1.1365666666666667,380060.49526651,426633.4336877738,-0.014935133423595036,-0.028348232508375926,-0.01341309908478089,43.34545766170748,0.2681245391904415
1566950400,1.1237,1.1254,1.02,1.0494,1.0649333333333333,370195.19624004,356144.77038628433,-0.018309662700533955,-0.036300177460448335,-0.01799051475991438,38.24497864105681,0.09683025604975165
1567036800,1.048,1.0706,0.9838,0.9942,1.0162000000000002,497531.96822669,310197.8999280308,-0.022823648455533918,-0.04652007532933178,-0.02369642687379786,35.07880839315969,-0.00019169731640936743
1567123200,0.9968,1.072,0.9939,1.065,1.0436333333333334,276524.35411766,304976.7592719903,-0.0197221475111522,-0.04834911126273811,-0.02862696375158591,41.7407881573254,0.1970866835358338
1567209600,1.0646,1.0876,1.0032,1.0381,1.0429666666666666,142981.70366034,306464.2281622118,-0.018200027836011934,-0.05137699854660083,-0.03317697071058889,40.058816599059355,0.13345181236682924
1567296000,1.0464,1.0548,1.004,1.0298,1.0295333333333332,132568.68284901,301070.72251000575,-0.016519135679352634,-0.05382589030977969,-0.037306754630427055,39.52953090122926,0.10744191312835985
1567382400,1.0297,1.0999,1.0297,1.0604,1.0633333333333332,255835.4776595,295078.3692516878,-0.012306685577408272,-0.052690111602187395,-0.04038342602477912,42.54363473639548,0.23988140545161948
1567468800,1.0676,1.0693,1.0101,1.0381,1.0391666666666666,295938.67707009,273266.92786429427,-0.010076232585011224,-0.052978716756043154,-0.04290248417103193,40.942040577486,0.1899819200810284
1567555200,1.0272,1.0456,1.0119,1.0314,1.0296333333333334,95243.47158478,235816.14873552127,-0.00818645968689484,-0.05313555877965048,-0.04494909909275564,40.449339017700545,0.19621598858090275
1567641600,1.0317,1.0388,1.001,1.0144,1.0180666666666667,81187.09980253,217460.3520624858,-0.007247946829569363,-0.054009032629717346,-0.04676108580014798,39.161583271404,0.16673365748700475
1567728000,1.0127,1.0316,0.99,0.9927,1.0047666666666668,149173.91615123,214475.1553926888,-0.007238287214651563,-0.055808944818462436,-0.04857065760381087,37.519574518462306,0.13140685212329417
1567814400,0.9931,1.0399,0.9663,1.0234,1.0098666666666667,178449.9617861,218002.11508517427,-0.004450778085410154,-0.05413413021057356,-0.04968335212516341,41.271282832323934,0.26377469118564506
1567900800,1.0242,1.08,1.021,1.0652,1.0554,204931.33794504,219433.0933775318,0.0006502277607584386,-0.04887056742421536,-0.0495207951849738,46.0236621031075,0.4429914805597334
1567987200,1.069,1.1749,1.0258,1.0453,1.082,219652.64992411,223355.87154011577,0.0029948535156046063,-0.04577722829046804,-0.04877208180607265,44.19029693416738,0.37786009579888125
1568073600,1.0467,1.0519,1,1.0188,1.0235666666666665,324373.47718594,230775.5123015413,0.003060902014631696,-0.04494595428778303,-0.048006856302414726,41.80223915621971,0.28434402941086306
1568160000,1.0177,1.0296,0.9907,1.0019,1.0074,137211.47632466,228154.7631722393,0.0023009932194307386,-0.0451306147781263,-0.04743160799755704,40.30629193784217,0.23689171722959834
1568246400,1.0008,1.0229,0.9802,1.0156,1.0062333333333333,93157.85311471,219105.83904282283,0.0030108021522240805,-0.04366810530727694,-0.04667890745950102,42.11472876921412,0.31505415847654716
1568332800,1.018,1.0226,0.95,0.9791,0.9839,150589.37671221,219795.7505540299,0.001394083375825278,-0.04493630323971942,-0.0463303866155447,38.74676639377053,0.16110167305920772
1568419200,0.9842,1.0156,0.9577,1,0.9911,101520.39040096,216741.4240272794,0.0020638496785226473,-0.043750574517391394,-0.04581442419591404,41.62545593358184,0.28735925686048264
1568505600,0.9971,1.0194,0.9863,1.0062,1.0039666666666667,112649.77774607,209988.86718840938,0.003188806686885981,-0.041828415837306565,-0.045017222524192546,42.48892617124388,0.3207561501393716
1568592000,1.0019,1.01,0.9708,1.0002,0.9936666666666667,115616.57801778,196766.67132597286,0.003754252871725372,-0.04032440643453583,-0.0440786593062612,41.8438664525612,0.2655545722068199
1568678400,1.001,1.1209,0.9944,1.1052,1.0735,519825.87989016,204248.20550847886,0.011014570870599982,-0.030310445718011225,-0.04132501658861121,54.78169006549699,1.1550687591065922
1568764800,1.1029,1.1598,1.0849,1.0849,1.1098666666666668,302787.88531668,194511.00136297834,0.01406904924329773,-0.02373870503448905,-0.03780775427778678,52.356596336486525,0.9261351723621811
1568851200,1.082,1.1252,1.0279,1.0955,1.0828666666666666,174406.12605323,189405.08995975685,0.01626716761824302,-0.017473794754983007,-0.033740962373226026,53.51380483386459,0.9645419649224843
1568937600,1.0965,1.1116,1.0355,1.0599,1.069,83549.21879013,186433.46571624634,0.014827854905726252,-0.015206143741068212,-0.030033998646794464,49.192302053722536,0.6919164726381686
1569024000,1.0596,1.0717,1.0478,1.0669,1.0621333333333334,64845.82199201,183047.32267339635,0.013868958805016002,-0.012697800140524462,-0.026566758945540465,50.04651758094162,0.7243327195096646
1569110400,1.0706,1.0739,1.0412,1.05,1.0550333333333333,66571.88752778,173584.14316681033,0.011704593119708808,-0.011936017545904454,-0.023640610665613262,47.950456021591066,0.6091401702089821
1569196800,1.0442,1.16,1.0017,1.05,1.0705666666666664,603425.68406907,188958.49351675934,0.009949963461474427,-0.011203156338770226,-0.021153119800244653,47.950456021591066,0.6044288322411723
1569283200,1.05,1.0976,0.838,0.8969,0.9441666666666666,763553.09351115,222373.97461307785,-0.0012490333167075318,-0.022714411446129068,-0.021465378129421536,33.298099678135955,-0.21084469249867507
1569369600,0.8823,0.92,0.8128,0.8481,0.8603000000000001,215550.73291458,229092.15626868032,-0.01112147738553524,-0.035367224861340585,-0.024245747475805345,30.136961313075005,-0.20813620958376378
1569456000,0.8498,0.9176,0.81,0.8466,0.8580666666666666,421310.51365542,242698.98614388984,-0.01660101048902705,-0.04499701058708916,-0.028396000098062108,30.04255153173432,-0.08175752530932609
1569542400,0.8525,0.8965,0.761,0.892,0.8498333333333333,230270.76929312,245290.02651924087,-0.016009020430498108,-0.04840727563618474,-0.032398255205686635,36.52405805707199,0.1242742250803042
1569628800,0.8891,0.9172,0.8613,0.89,0.8895,63174.91689888,238202.20546693285,-0.014631019845154192,-0.050687030012129375,-0.03605601016697518,36.36422186428345,0.1588485233013101
1569715200,0.8941,0.9062,0.8421,0.88,0.8761000000000001,163111.99250057,235375.17259575584,-0.013309794413641773,-0.0526932531840274,-0.039383458770385626,35.52705882747108,0.16674404542074303
1569801600,0.8772,0.9251,0.8323,0.9,0.8858,274932.82268749,232903.1398708333,-0.010148549740681731,-0.052069145946237794,-0.04192059620555606,38.5729212789739,0.25162098455076365
1569888000,0.9,0.993,0.8999,0.95,0.9476333333333334,265858.25543036,239335.47882611834,-0.004062073811515035,-0.04699818846994985,-0.04293611465843482,45.50430146187842,0.40837255732470573
1569974400,0.95,0.95,0.8872,0.9479,0.9283666666666667,259968.57749884,247676.01504532486,0.00022317527525287512,-0.042657145564368726,-0.0428803208396216,45.27323582276815,0.4120797896938644
1570060800,0.9499,0.966,0.9101,0.9345,0.9368666666666667,148516.38419943,247572.36541968584,0.0024331621718656493,-0.03983886812478954,-0.04227203029665519,43.746729206506515,0.3796084521733847
1570147200,0.9312,0.9315,0.8881,0.922,0.9138666666666667,60648.02073569,245528.74693642237,0.003278453995916329,-0.038173962801759775,-0.041452416797676105,42.31346695216323,0.35516120141119223
1570233600,0.9214,0.9232,0.9005,0.9124,0.9120333333333334,67065.35944884,243249.52602156083,0.003401668758078298,-0.037200330850078234,-0.04060199960815653,41.197135905033306,0.34173686674968173
1570320000,0.9153,0.9161,0.8621,0.8649,0.8810333333333333,84457.05320114,241691.54978072885,0.0006393979354944387,-0.03980275218878848,-0.04044215012428292,36.119483330997774,0.2304240442102998
1570406400,0.868,0.9241,0.8587,0.9021,0.8949666666666665,312239.43513495,231312.22754296838,0.0016172622586174204,-0.03842057230101115,-0.04003783455962857,42.13466117157635,0.35525299070250127
1570492800,0.8998,0.9123,0.8857,0.8993,0.8991000000000001,37312.40360617,218038.45345744287,0.0023317169484161,-0.03712318837410844,-0.03945490532252454,41.81549484346032,0.3660101947004464
1570579200,0.8923,0.96,0.8923,0.9457,0.9326666666666666,121578.7989097,215397.08710026633,0.005978133292965676,-0.031982238706317445,-0.03796037199928312,48.7443845261486,0.5467667370429488
1570665600,0.9398,0.9498,0.9155,0.9155,0.9269333333333334,55644.27922623,214001.8401220714,0.006369036807518547,-0.029999075989884938,-0.036368112797403485,44.98914465156268,0.4584471177125166
1570752000,0.9176,0.9242,0.8799,0.9018,0.9019666666666668,160737.92044672,218796.44504480687,0.005737431271606842,-0.029196323707894933,-0.034933754979501776,43.35731876738158,0.4253572971155768
1570838400,0.9099,0.9141,0.8841,0.8896,0.8959333333333334,16972.82697056,216316.49201694588,0.0045806964073227124,-0.02920788447034839,-0.0337885808776711,41.89983949351847,0.3847339469837922
1570924800,0.8896,0.955,0.8867,0.9041,0.9152666666666666,163670.45739897,194328.73068344087,0.00484894989669965,-0.027727393506796538,-0.03257634340349619,44.29654650511144,0.516880082643423
1571011200,0.9016,0.9389,0.9016,0.9363,0.9256000000000001,59282.80408005,159115.21621188585,0.007114817100274572,-0.023682822028152972,-0.030797639128427545,49.298409064862206,0.7725788026811654
1571097600,0.9351,0.9389,0.9,0.9048,0.9145666666666666,106753.04149742,153675.33164102788,0.0064325680841845825,-0.022756929023196815,-0.029189497107381397,45.037849480251126,0.47952086889551376
1571184000,0.9064,0.9103,0.8431,0.8737,0.8757,228197.77738264,144019.69482738888,0.0039491274985858985,-0.024253087734149026,-0.028202215232734924,41.24760683343343,0.13934787066891507
1571270400,0.8742,0.8971,0.8673,0.8923,0.8855666666666666,71698.76674272,136091.09469986887,0.003629658022628674,-0.023665142704449083,-0.027294800727077757,44.268447034330826,0.3328298215272592
1571356800,0.8919,0.8977,0.8613,0.8757,0.8782333333333333,136866.54201319,139775.67595558436,0.002428616341716129,-0.024259030299932594,-0.026687646641648723,42.183822023947315,0.17724931955411682
1571443200,0.8772,0.8863,0.82,0.8641,0.8567999999999999,86095.17319414,135924.83499026287,0.0010515358823570062,-0.025373226788702463,-0.02642476267105947,40.7400783269922,0.08652412342567516
1571529600,0.8655,0.8844,0.8298,0.881,0.8650666666666668,56815.45436728,125018.96657425238,0.0014527133161263035,-0.02460887102590159,-0.026061584342027894,43.760047561654694,0.26448531148036486
1571616000,0.8837,0.8881,0.847,0.8696,0.8682333333333334,33135.84177231,113382.84589134988,0.0011380870491947068,-0.024638975530534513,-0.02577706257972922,42.19785470322275,0.18365075172326156
1571702400,0.8669,0.9193,0.801,0.8385,0.8529333333333332,199263.49946177,110347.59198949637,-0.0008684997889107093,-0.026862687315867606,-0.025994187526956897,38.19221460566151,-0.04128056679276111
1571788800,0.834,0.834,0.7505,0.7629,0.7824666666666666,325321.7345328,119187.85950616487,-0.006668292689711142,-0.034329553389095824,-0.027661260699384682,30.590462733757377,-0.31733621152627045
1571875200,0.76,0.7783,0.75,0.7617,0.7633333333333333,135739.65181719,122942.44106023987,-0.009778326360501487,-0.03988416865001154,-0.030105842289510056,30.486735236160882,-0.13937083194758035
1571961600,0.7647,0.8449,0.7645,0.8395,0.8162999999999999,220060.02216972,130592.17419628387,-0.005975555725784093,-0.03757528694674017,-0.03159973122095608,43.79362267247411,0.302241013666937
1572048000,0.8343,0.936,0.8157,0.8314,0.8610333333333333,359261.28272402,144332.3856724279,-0.003507638617808853,-0.03598427949321714,-0.03247664087540829,42.87341265569858,0.27235167821361067
1572134400,0.8341,0.8745,0.8111,0.8618,0.8491333333333334,313901.36695514,144415.48226343738,0.0004592205420873227,-0.03190261519779913,-0.032361835739886456,47.345258437598844,0.44320766485673124
1572220800,0.865,0.89,0.8513,0.8531,0.8647999999999999,174324.02299778,151266.06323301786,0.0026613209169316504,-0.029035184593721897,-0.03169650551065355,46.22993163054811,0.40871112416721755
1572307200,0.8519,0.868,0.8317,0.8546,0.8514333333333334,91348.22299186,149754.53443712587,0.004286741416157581,-0.026338078740456572,-0.030624820156614153,46.46409957863708,0.43670144214192075
1572393600,0.8564,0.9214,0.8128,0.8789,0.8710333333333334,593077.72019764,176626.20648569637,0.006910775297278963,-0.02198635103501545,-0.028897126332294413,50.24441790035875,0.5899460130976137
1572480000,0.8794,0.9253,0.8658,0.8901,0.8937333333333334,61939.53604427,171686.28726557386,0.009171402056937297,-0.01743287376112279,-0.02660427581806009,51.92926485003925,0.6617533652606038
1572566400,0.8821,0.8885,0.8638,0.878,0.8767666666666668,49604.68013719,173317.87992390536,0.009577891435555552,-0.014631911523615648,-0.0242098029591712,49.96092037377081,0.5931758032525263
1572652800,0.8765,0.8801,0.8574,0.863,0.8668333333333335,47411.7251246,167504.94331018685,0.008594033402367893,-0.013467261206211334,-0.022061294608579227,47.55450196519862,0.5152369524927439
1572739200,0.8622,0.868,0.85,0.8667,0.8615666666666666,75301.97542601,168305.90187748484,0.007964110783685842,-0.012106156128971923,-0.020070266912657765,48.21705794888412,0.5662948220570224
1572825600,0.8662,0.9088,0.8661,0.8876,0.8875000000000001,142953.30978314,170115.91529177086,0.00866856160873038,-0.00923456490174479,-0.01790312651047517,51.912574395769745,0.7218951562392952
1572912000,0.888,0.9309,0.8801,0.9228,0.9112666666666667,180199.92698256,167716.02277176685,0.011065278568111273,-0.00407152830033608,-0.015136806868447353,57.4236672720968,0.9209030336542111
1572998400,0.9208,1.0444,0.9026,1.0164,0.9878,400471.95839833,184154.68235454737,0.018098766851272458,0.0074866516956432205,-0.010612115155629239,67.94407158941515,1.2429257908471194
1573084800,1.0165,1.3058,1.0164,1.2101,1.1774333333333333,2300765.72789925,292349.64164885035,0.03401668389038941,0.031908739707357525,-0.0021079441830318853,79.32788125782028,1.4028902591920036
1573171200,1.2179,1.2987,1.121,1.1649,1.1948666666666667,391436.02018944,307616.68399861536,0.039345174449957145,0.04707352387941455,0.007728349429457401,72.82847093656463,1.1110804167507782
1573257600,1.1551,1.2698,1.1503,1.2603,1.2268000000000001,146342.46382373,312093.03447143786,0.04664017728486141,0.06602857103553417,0.019388393750672757,77.09415794086287,1.1372685946371033
1573344000,1.247,1.2516,1.1828,1.223,1.2191333333333334,162326.39058297,318552.56191197084,0.04621042942627267,0.07715143053351359,0.030941001107240924,72.313998078959,0.9818928568204655
1573430400,1.2293,1.2424,1.1698,1.1745,1.1955666666666667,165787.81523083,316878.77770042385,0.04014140482833509,0.08111775714265979,0.0409763523143247,66.53700569956644,0.8564934928608673
1573516800,1.1774,1.196,1.139,1.1697,1.1682333333333332,162723.73727369,308748.87783746835,0.03355328064658727,0.08291795312255879,0.04936467247597152,65.97525364179887,0.8149962371092315
1573603200,1.1664,1.1664,1.11,1.1277,1.1347,232559.4546036,313589.8679767889,0.024534663450562114,0.08003300178917416,0.05549833833861205,61.113309567793394,0.7255135913370622
1573689600,1.1267,1.2918,1.0953,1.218,1.2017,366823.94605208,320928.0641709069,0.02285258859785718,0.08406407408593353,0.061211485488076346,66.78136196198099,0.8332887353956503
1573776000,1.2204,1.2604,1.1306,1.17,1.187,139507.68474748,309940.38427207986,0.016979024918775898,0.08243526663654621,0.06545624171777031,61.63830066217618,0.7328706718228026
1573862400,1.1607,1.1727,1.1471,1.1524,1.1574,180171.99355251,303253.9156019484,0.010687577507379323,0.07881571360199446,0.06812813609461514,59.819173938099105,0.6841599540796482
1573948800,1.1595,1.17,1.1467,1.1528,1.1565,47635.36921467,296919.4829127929,0.00558837553545391,0.07511360551393254,0.06952522997847863,59.84817738189391,0.665081991644409
1574035200,1.1533,1.2526,1.1533,1.2137,1.2065333333333335,246297.11946304,304666.92773635185,0.005351990123468056,0.07621521763281369,0.07086322750934564,64.09730470672764,0.7425909420940808
1574121600,1.213,1.234,1.1484,1.2022,1.1948666666666667,183840.32016215,284205.05773457733,0.0035433185082583835,0.07529237564466862,0.07174905713641024,62.74693639443179,0.7013530925409969
1574208000,1.2008,1.2406,1.16,1.2088,1.2031333333333334,240773.29816883,293146.7458408053,0.0019910056913505225,0.07423781425059839,0.07224680855924787,63.22577241020469,0.6921419109984474
1574294400,1.2077,1.2933,1.1755,1.2147,1.227833333333333,486779.20070846,315005.4718693688,0.000631538136278878,0.07303623122959646,0.07240469309331758,63.67526243625076,0.6834437227039792
1574380800,1.2138,1.2746,1.08,1.2197,1.1914333333333333,632460.61302929,344257.91626460326,-0.0005946675096524523,0.07166135870625201,0.07225602621590446,64.07600347689899,0.6763002974470526
1574467200,1.2211,1.43,1.2211,1.3822,1.3444333333333336,753585.92863755,378172.1139251803,0.00837956997234704,0.08273048868133825,0.07435091870899121,74.08317222736268,1.0017787704695837
1574553600,1.3822,1.4264,1.2826,1.3115,1.3401666666666667,331195.14883881,387584.2058779638,0.008375425296221567,0.08482020032926818,0.07644477503304661,65.5301696691356,0.8399205545833283
1574640000,1.3178,1.3178,1.2051,1.2394,1.2541,556743.48410705,406411.3837341883,0.0026355878765524643,0.0797392598787372,0.07710367200218474,58.156286790718205,0.6338268512085822
1574726400,1.235,1.2769,1.22,1.2367,1.2445333333333333,134684.46761028,393122.0091947858,-0.00197544004271466,0.07463437194879141,0.07660981199150607,57.893563600664464,0.6062492108963371
1574812800,1.2381,1.2739,1.1542,1.2638,1.2306333333333332,597558.67532927,307961.6565662868,-0.003730965523699309,0.07194610508688193,0.07567707061058124,59.85392025948743,0.7099563794471233
1574899200,1.2663,1.3447,1.2135,1.2777,1.2786333333333335,280361.53143318,302407.9321284738,-0.004438579387330208,0.07012884637641847,0.07456742576374868,60.86046358894161,0.7444030746801152
1574985600,1.27,1.3403,1.2665,1.3116,1.3061333333333331,231321.91232007,306656.9045532908,-0.0031658185660080745,0.07061015255623859,0.07377597112224667,63.27858614229594,0.8621727032094433
1575072000,1.3171,1.3547,1.3131,1.3339,1.3338999999999999,51604.79812208,301120.82493024634,-0.001451586843175534,0.07196148756827725,0.07341307441145278,64.81839946087652,0.9008356243068741
1575158400,1.3315,1.3511,1.25,1.269,1.2900333333333334,155456.06491401,300604.23741440533,-0.005112104396392286,0.06702294391596242,0.0721350483123547,57.289243671298664,0.6361242834371853
1575244800,1.2564,1.2579,1.2008,1.24,1.2329,377885.69279616,311362.3351905288,-0.009646814639735685,0.06007653001268509,0.06972334465242078,54.25648654459017,0.510753358805866
1575331200,1.24,1.3073,1.2085,1.2919,1.2692333333333332,129953.7428283,306232.0496017638,-0.009306898876351583,0.05808972105698129,0.06739661993333287,58.491507357660154,0.6974726273532206
1575417600,1.2967,1.3313,1.239,1.2471,1.2724666666666666,207319.89535268,298256.84706679377,-0.012079436701187135,0.05229732405684895,0.06437676075803608,53.85641088793153,0.50062069201876
1575504000,1.2421,1.2913,1.2353,1.2868,1.2711333333333334,86211.99316627,295592.06248773326,-0.011237335050439848,0.05033009194498628,0.061567426995426125,57.100656918935094,0.6512297215051143
1575590400,1.2866,1.421,1.2712,1.3745,1.3555666666666666,359596.70129908,304563.29787506175,-0.0050849317407328926,0.05521126231951001,0.060296194060242905,63.24787517961756,0.9832795842448238
1575676800,1.3762,1.4679,1.3605,1.44,1.4227999999999998,499060.03622874,327134.53122576524,0.002668184074572713,0.0636314241534588,0.06096324007888608,67.04594734813207,1.139289744040274
1575763200,1.4478,1.6236,1.4446,1.6032,1.5571333333333333,896887.27349028,359664.03892712726,0.01724706875873966,0.08252207602731065,0.065275007268571,74.20015310403888,1.3191007097829741
1575849600,1.6094,1.6513,1.5309,1.5543,1.578833333333333,501795.90024206,375561.8179311228,0.021764927853031718,0.09248116708486065,0.07071623923182893,69.34251065418766,1.0640577607693806
1575936000,1.5454,1.5454,1.3801,1.489,1.4715,745190.09001187,400782.65752327483,0.018643681023136044,0.094020840510749,0.07537715948761295,63.37582227816463,0.8649394559054311
1576022400,1.4699,1.6005,1.4699,1.5774,1.5492666666666668,548759.77470908,403881.6862233059,0.02066429371896754,0.10120752663632238,0.08054323291735484,67.45808263496484,0.9848918332066948
1576108800,1.5762,1.7777,1.5129,1.7628,1.6844666666666666,878706.50095618,416193.98061965033,0.031945015779703684,0.12047450264198445,0.08852948686228077,74.00292814381925,1.16770204973913
1576195200,1.78,1.8476,1.6643,1.7628,1.7582333333333329,854527.3894566,421241.0536606029,0.03653383687672955,0.1341967829581927,0.09766294608146316,74.00292814381925,1.0486549574291864
1576281600,1.765,1.7766,1.63,1.6559,1.6875,475442.55585855,428453.42401158984,0.029782374242408358,0.1348909138844736,0.10510853964206525,65.23006392193034,0.8473613883841157
1576368000,1.6706,1.7376,1.6005,1.6781,1.6720666666666666,344379.68549619,417835.2340810469,0.024447944634244212,0.13566847043487051,0.1112205258006263,66.12809643488595,0.8390258511687031
1576454400,1.6657,1.7077,1.5853,1.6621,1.6517,339143.43867824,428058.1826344449,0.017787766920203785,0.13345523445088103,0.11566746753067725,64.82850785776581,0.7864062064346973
1576540800,1.6607,1.7592,1.5164,1.5358,1.6038,512711.68344967,423815.83304046496,0.0035661432606060445,0.12012514660643481,0.11655900334582876,55.548281981503145,0.5962319869197287
1576627200,1.5358,1.6478,1.43,1.5788,1.5522,507423.59781368,435168.93635949,-0.0038531246932780455,0.11174259747923121,0.11559572217250925,57.76502112845022,0.638892017496111
1576713600,1.5803,1.6099,1.46,1.5057,1.5252,318473.84305415,439526.53289619397,-0.01402032630709639,0.09807031428863877,0.11209064059573516,52.93241547548602,0.5196634979379798
1576800000,1.5046,1.5988,1.4797,1.5988,1.5591000000000002,421299.11310262,458011.248645221,-0.014738447107369282,0.09366758171152356,0.10840602881889284,57.77725976690737,0.6403785817798068
1576886400,1.5988,1.6098,1.4682,1.4715,1.5165,228825.36980477,461679.7138897589,-0.023528243237012886,0.07899572477262673,0.10252396800963962,50.17247626397111,0.4294127870704146
1576972800,1.4957,1.5249,1.4466,1.4682,1.4798999999999998,108887.60101405,448229.80930065346,-0.028949417512202064,0.06633719611938704,0.0952866136315891,49.988791652952955,0.3977256042516129
1577059200,1.4719,1.5738,1.4621,1.514,1.5166333333333335,179321.4519677,450698.1947576234,-0.02877558908467555,0.059317127275744674,0.08809271636042022,52.58341165195813,0.4545697682213958
1577145600,1.515,1.515,1.4744,1.4844,1.4912666666666665,47914.89189455,442727.94458471687,-0.029850300193335025,0.050779841118751445,0.08063014131208647,50.75084162718928,0.3594681305785795
1577232000,1.4826,1.4868,1.3931,1.4,1.4266333333333332,280680.55635926,452451.37274436635,-0.035080406667826136,0.0367796329773038,0.07186003964512994,45.844737843013355,0.13393744083958467
1577318400,1.4,1.4271,1.348,1.3662,1.3804333333333334,275428.61981197,448242.96867001086,-0.03933173449849421,0.022695371522012175,0.06202710602050639,44.00987926543343,0.058516082556728334
1577404800,1.3675,1.4025,1.3516,1.3758,1.3766333333333334,81186.71301942,427349.30250954477,-0.03988738961883677,0.01216786899696043,0.0520552586157972,44.68702067078483,0.10422712504323861
1577491200,1.3785,1.3828,1.322,1.3251,1.3433,167129.1936835,390861.39851920574,-0.04185483402071527,-0.0002632839100968898,0.04159155011061838,41.811074799073126,0.05998990344427483
1577577600,1.3258,1.3369,1.2801,1.3087,1.3085666666666667,272409.48678058,379392.07784613175,-0.04231968240472121,-0.011308052895283138,0.031011629509438074,40.89425872380541,0.08508228553159157
1577664000,1.31,1.3494,1.2891,1.3158,1.3180999999999998,100785.61370532,347171.85403080424,-0.04022219437812481,-0.019266113463217938,0.02095608091490687,41.492398067404956,0.13644817267921056
1577750400,1.3145,1.3904,1.3018,1.3457,1.3459666666666668,155207.14214323,327494.22240251175,-0.0350819200662131,-0.022896319167859502,0.012185600898353596,44.0598021213567,0.21959785426577189
1577836800,1.3453,1.3696,1.3154,1.3689,1.3513,71365.39912911,287127.1673111582,-0.028651567487967683,-0.023628858461606006,0.005022709026361675,46.03844695339224,0.27927006572890256
1577923200,1.3709,1.374,1.2248,1.23,1.2762666666666667,696070.64465306,279204.3300709812,-0.032029249140080984,-0.03501385239873955,-0.002984603258658571,37.48886173914568,0.05157551100527684
1578009600,1.23,1.3045,1.2268,1.2769,1.2693999999999999,333450.84500596,272104.7445283517,-0.029447029906063002,-0.039793390641237325,-0.010346360735174323,41.443056535888765,0.17400519196658717
1578096000,1.2782,1.2802,1.2279,1.2541,1.2540666666666667,146027.46765787,262187.1336364357,-0.027645599888661145,-0.04490336059600075,-0.017257760707339607,40.11459272486839,0.15350879072852444
1578182400,1.248,1.28,1.24,1.2479,1.2559666666666667,145357.14635977,252497.8190205122,-0.02530560423041826,-0.04888976599536243,-0.023584161764944173,39.741528127193334,0.16033356161608636
1578268800,1.2694,1.3423,1.261,1.3013,1.3015333333333332,188527.65844572,236288.61777031468,-0.01888950314693981,-0.047196040698618935,-0.028306537551679126,44.52672396404299,0.3021819099489447
1578355200,1.3014,1.3288,1.2538,1.3008,1.2944666666666667,275152.82837525,224675.0792983932,-0.013651639852255024,-0.04537108736699791,-0.031719447514742885,44.49109787446271,0.3198499938106194
1578441600,1.2955,1.3987,1.2786,1.3288,1.3353666666666666,283050.70189708,222903.9222405397,-0.007576932358923635,-0.04119061296339743,-0.0336136806044738,47.04625045864002,0.4077498960890051
1578528000,1.3307,1.3632,1.2617,1.2803,1.3017333333333334,569629.75955878,230320.4545633477,-0.006160935259574875,-0.04131484967894239,-0.035153914419367514,43.32600781770067,0.2897068827504671
1578614400,1.2724,1.3376,1.2542,1.3033,1.2983666666666667,234042.104509,230581.29129855923,-0.003162151508079372,-0.03910660380446673,-0.03594445229638736,45.52592774332206,0.3800458641852847
1578700800,1.303,1.3554,1.2985,1.31,1.3213000000000001,145045.15356044,232389.16892587874,-0.00036152968350370435,-0.03639636440076699,-0.036034834717263285,46.181299802803544,0.4221628115712162
1578787200,1.3006,1.3179,1.2968,1.3075,1.3074000000000001,62160.83941793,226531.1382983902,0.0015817763526169287,-0.03405761427649212,-0.03563939062910905,45.95911231387784,0.43792010576390045
1578873600,1.3054,1.3054,1.2616,1.275,1.2806666666666666,168938.52598447,232582.32000288618,0.0009677270451284511,-0.034429731822698484,-0.035397458867826935,43.0588085087932,0.2921551718145334
1578960000,1.2753,1.3474,1.2726,1.326,1.3153333333333335,310006.56608641,234048.62048924365,0.004109535714926844,-0.03026053922416838,-0.034370074939095226,48.54614140093996,0.6205025617587892
1579046400,1.321,1.3974,1.285,1.3452,1.3425333333333331,446639.8487123,242609.18193426015,0.007401976427194916,-0.02511760440510158,-0.032519580832296495,50.48088478182226,0.760875939850417
1579132800,1.3404,1.5318,1.2961,1.4895,1.4391333333333334,553791.95402086,266239.44398433215,0.018582954344864296,-0.009290887901216127,-0.027873842246080423,62.035039096427525,1.3400117632493782
1579219200,1.4927,1.5389,1.42,1.4741,1.4776666666666667,481252.86378369,281945.6274893416,0.023888153994805133,0.001986350247425994,-0.02190180374737914,60.41491409993076,1.108226737046329
1579305600,1.4736,1.5458,1.4171,1.4819,1.4816000000000003,283763.23415274,282513.3148579496,0.026658546192737272,0.011421378993542453,-0.01523716719919482,60.97089341933083,1.0291505104579748
1579392000,1.4777,1.5195,1.3603,1.4264,1.4354000000000002,192697.84864424,287108.92660489556,0.023594523311358757,0.014255986940003629,-0.009338536371355129,55.04655013289302,0.8064621116451348
1579478400,1.4226,1.5872,1.4094,1.5859,1.5274999999999999,445612.84000307,301629.2114978876,0.030701244261660814,0.02903801895572089,-0.0016632253059399244,65.43970659582753,1.141977227636636
1579564800,1.5878,1.611,1.5,1.5318,1.5475999999999999,471807.17473892,321651.30027837807,0.03010881701274592,0.035972795959992476,0.005863978947246556,60.34361717936854,0.9365062294290402
1579651200,1.5304,1.6382,1.5292,1.5884,1.5852666666666666,261484.66137858,299922.00111465406,0.031717760145432546,0.04551117912903724,0.013793418983604692,63.54241940887061,0.9933540054152858
1579737600,1.5914,1.6173,1.49,1.5527,1.5533333333333332,223617.22094641,294430.3199116766,0.028659474566422777,0.049617762191633163,0.020958287625210386,60.241704524529645,0.8658222008298274
1579824000,1.5508,1.56,1.4964,1.5015,1.5193,118779.4236348,293067.91771052306,0.021781686304870155,0.04818539550629808,0.026403709201427924,55.76753780145496,0.7297521348337551
1579910400,1.5087,1.5087,1.46,1.4942,1.4876333333333334,126388.86066318,292119.5034256936,0.015622403356164275,0.04593171339663327,0.030309310040468992,55.138742408764045,0.6925101764951032
1579996800,1.4805,1.5266,1.4673,1.5206,1.5048333333333332,73167.15514264,286351.4782605396,0.012351394061012759,0.04574855261673494,0.03339715855572218,57.02586775037489,0.7289040312379202
1580083200,1.5281,1.5481,1.4825,1.5233,1.5179666666666665,169900.66882418,281088.8702829861,0.009521540491114464,0.045299084169615256,0.03577754367850079,57.224053966771784,0.712473736596386
1580169600,1.516,1.5711,1.51,1.5495,1.5435333333333334,230497.81123661,278461.2257499626,0.008594553966369954,0.04652073613646324,0.03792618217009328,59.19079282551161,0.7475772047641784
1580256000,1.5532,1.68,1.5456,1.5606,1.5954,279480.06480076,263953.7410120616,0.007925606355631193,0.047833190114632274,0.03990758375900108,60.02927809695026,0.7500765945757715
1580342400,1.5682,1.7013,1.5572,1.678,1.6455000000000002,214076.5600589,262955.4637895566,0.014219213480033036,0.05768160060904237,0.043462387129009336,67.60953981621572,0.9697335021296389
1580428800,1.6784,1.7233,1.6444,1.6606,1.6761,146098.10872871,263008.1115479701,0.015911864193773675,0.06335221737122643,0.04744035317745275,65.6231471743608,0.8882112029306372
1580515200,1.6533,1.75,1.6502,1.7484,1.7162,105527.54120313,265176.4466372301,0.021309344893744087,0.07407703429463286,0.05276768940088877,70.3560082110699,1.0185566633231322
1580601600,1.7496,1.99,1.6993,1.9252,1.8715000000000002,385558.73310575,276007.45699329406,0.034377200169715086,0.09573918961303263,0.06136198944331754,77.17162379729712,1.2224580208717837
1580688000,1.9084,2.0881,1.261,2.0097,1.786266666666667,844268.45754938,302720.5515664426,0.04559893609955058,0.11836065956775577,0.07276172346820518,79.58724661603283,1.1891251988991154
1580774400,2.0001,2.034,1.8809,1.923,1.9459666666666666,257962.69609085,293286.69393537013,0.04404578500335053,0.12781895472239335,0.08377316971904282,71.25578318806843,0.9815993386560306
1580860800,1.9217,2.2306,1.9091,2.1496,2.096433333333333,737170.44535698,302455.61850217613,0.05446068577734885,0.15184902694072888,0.09738834116338003,77.79765640146113,1.1409747718265417
1580947200,2.1546,2.2471,2.1313,2.1575,2.1786333333333334,763512.2320984,316568.5869179116,0.05774991329943882,0.16957573278767857,0.11182581948823975,77.98576433966592,1.0388430264733834
1581033600,2.1751,2.2524,2.1573,2.19,2.1999,404868.9762612,322623.87402333465,0.05783877092846376,0.18412428314881946,0.1262855122203557,78.7821980752688,0.9888305913451076
1581120000,2.191,2.3148,2.015,2.2905,2.2067666666666668,421982.84244869,334088.12371355714,0.060124815527314524,0.20144153162949885,0.14131671610218433,81.06364236277953,1.0043173788648445
1581206400,2.2969,2.7561,2.2853,2.6484,2.563266666666667,1199447.48665868,371779.85604633763,0.07995780616696574,0.24126397381089149,0.16130616764392575,86.59251978734919,1.1455751677806403
1581292800,2.6497,2.7365,2.462,2.6278,2.6087666666666665,726944.30882523,384536.71275065315,0.0854119787333206,0.2680711410605765,0.1826591623272559,85.05322602082597,1.0250695976750666
1581379200,2.6267,2.95,2.5578,2.9281,2.8119666666666667,940422.39208818,418483.5992861331,0.101852287099297,0.30997452120137714,0.20812223410208014,88.31434702370564,1.0867926531714192
1581465600,2.9312,3.6099,2.9312,3.3556,3.2988999999999997,2716476.04173581,543126.5403256031,0.13220212928949962,0.37337489571395466,0.24117276642445504,91.24336564106407,1.1462198180660286
1581552000,3.3547,3.3947,2.9161,3.1345,3.148433333333333,1117985.02943318,593086.8206155221,0.12798575678340152,0.40115496240370696,0.27316920562030544,80.0656583425099,0.9644782039000407
1581638400,3.1343,3.5474,3.0385,3.4815,3.3558000000000003,1044513.20705399,638993.0379350625,0.13828808916476587,0.4460293170762628,0.30774122791149694,83.48508435895879,1.0224220004572264
1581724800,3.4887,3.5514,3.02,3.1847,3.252033333333333,779702.89938972,674319.8251474166,0.1157494007144858,0.45242797880460417,0.33667857809011836,72.09389867396501,0.858624943598288
1581811200,3.1905,3.2987,2.76,3.2213,3.0933333333333333,1240497.53872616,727849.6686425155,0.09482110475409666,0.45520495903273916,0.3603838542786425,72.59056194540591,0.8361911947897405
1581897600,3.2293,3.2571,2.7603,3.1638,3.0604,1182056.54712338,775427.6054368541,0.06977790882118323,0.4476062403051215,0.3778283314839383,70.46863617580368,0.7847061409188544
1581984000,3.1548,3.561,3.09,3.45,3.3669999999999995,745013.98354863,798704.3013742475,0.06524347210238146,0.45938267161191515,0.3941391995095337,74.46903847266148,0.8608539521053706
1582070400,3.454,3.94,3.36,3.55,3.616666666666667,1337194.88604806,854860.2176737055,0.06176967893072716,0.47135129817294263,0.4095816192422155,75.70729626994273,0.8616186177763246
1582156800,3.537,3.875,3.4575,3.6104,3.6476333333333333,772318.2388866,886171.2241815999,0.05647481348438993,0.4801751360977029,0.423700322613313,76.45023350887708,0.8515214358444828
1582243200,3.6184,3.7513,3.39,3.4821,3.541133333333333,604002.78470965,911094.9863569259,0.03814499012635664,0.47138156027125877,0.43323657014490213,71.4514780435144,0.7754019452619618
1582329600,3.4835,3.54,3.25,3.3088,3.3662666666666667,336903.31768896,908662.2155860865,0.009647252287165897,0.44529563550385953,0.43564838321669364,65.24576104184575,0.6826774029391188
1582416000,3.3385,3.59,3.3298,3.5348,3.484866666666667,350916.24729791,883994.6050735131,0.0017307662672251256,0.437811841050725,0.4360810747834999,69.02408702527106,0.7584218895597069
1582502400,3.529,3.529,2.9603,3.1902,3.2265,689671.24138447,905580.032338194,-0.029289098299758287,0.39946970190880204,0.42875880020856033,58.568523702817785,0.5798007059215675
1582588800,3.1902,3.1932,2.7119,2.8,2.9017,699472.68170697,903695.1441556935,-0.07600693008519444,0.3337501376020673,0.4097570676872617,49.4367817228316,0.35348559712831634
1582675200,2.79,2.9851,2.5223,2.7667,2.7580333333333336,1434245.20839967,937231.7929707568,-0.1071651582784357,0.2758006198392171,0.3829657781176528,48.738385082526385,0.2989004423092482
1582761600,2.75,2.9852,2.5192,2.8009,2.7684333333333337,813363.98197368,957656.543256381,-0.12238561919059043,0.22998375412941474,0.3523693733200052,49.52702259514018,0.27417143445648007
1582848000,2.8165,2.907,2.6172,2.7816,2.7686000000000006,736179.17492805,973366.359880349,-0.12995401805723228,0.18992685074846483,0.3198808688056971,49.06824567187075,0.20839449979293256
1582934400,2.7845,2.995,2.7384,2.7384,2.823933333333333,497688.13162894,938278.3921288621,-0.13355855537514216,0.1529326745867694,0.28649122996191156,47.996528251972045,0.16373650863127456
1583020800,2.7377,2.8471,2.5687,2.6064,2.674066666666667,717553.47810622,937808.8505929116,-0.13985226684783603,0.1116758964021165,0.25152816324995253,44.778262769865385,0.06081690144768644
1583107200,2.6035,2.8975,2.5488,2.7999,2.7487333333333335,838054.9621869,932690.4790978476,-0.12641017264952364,0.09351544743804796,0.2199256200875716,50.06413148028186,0.22613714162600634
1583193600,2.8,2.8287,2.6472,2.7633,2.7464,627447.93005148,828239.0735136311,-0.11569904468342762,0.07530181423328708,0.1910008589167147,49.1066477685901,0.2264992113117613
1583280000,2.7637,3.1073,2.7309,3.0976,2.9786,1038516.75341037,824265.6597124906,-0.08332745543504369,0.08684153962291008,0.17016899505795377,57.16495639079038,0.4853537113889513
1583366400,3.1145,3.33,3.03,3.0887,3.1495666666666664,1866183.21484716,865349.1601021491,-0.0607887829835797,0.09418301632847914,0.15497179931205884,56.9066209739116,0.4934010022739668
1583452800,3.0971,3.2338,3.0416,3.175,3.150133333333333,829908.99604743,867859.4649350345,-0.03938071521029968,0.10574590529918426,0.14512662050948394,58.848598403584376,0.562592593358798
1583539200,3.185,3.2628,2.99,2.991,3.081266666666667,787202.74264899,845194.7251311761,-0.03696369274773326,0.09892200457481737,0.13588569732255062,53.33036695968307,0.4249334520383725
1583625600,2.991,2.9937,2.5636,2.5815,2.7129333333333334,1665600.10221385,869371.9028856994,-0.060883229337788156,0.05978166065031543,0.12066488998810358,43.54415861309336,0.1415831035544991
1583712000,2.5828,2.6679,2.2691,2.5404,2.4924666666666666,2307499.44272266,947496.1758444009,-0.07640691673938015,0.025156244063878397,0.10156316080325854,42.69729619755861,0.15035838015423345
1583798400,2.5503,2.7607,2.4752,2.5891,2.6083333333333334,1083358.75479803,934804.3692818994,-0.07994949814939732,0.001626288116511887,0.08157578626590921,44.08495737648353,0.21194929356326067
1583884800,2.5903,2.6754,2.293,2.5133,2.4939,1242129.77604669,958294.946139904,-0.08355992453203455,-0.022874119399133974,0.060685805132900575,42.365293869111696,0.1733371394246714
1583971200,2.5169,2.521,1.3168,1.4195,1.752433333333333,4851296.97560029,1170659.655684436,-0.15179954210814897,-0.12906362250228565,0.022735919605863332,26.376318689924233,-0.3286318840285832
1584057600,1.345,1.949,1.01,1.7771,1.5787000000000002,4903559.45103324,1398992.4623516498,-0.16399931200756185,-0.182263220403589,-0.018263908396027137,35.01184632432354,-0.020192917041115595
1584144000,1.7886,1.84,1.5377,1.5891,1.6556,1179559.07972081,1440424.603972795,-0.17487998873139207,-0.23686389431026722,-0.061983905578875155,32.83158655204973,-0.041049204063648294
1584230400,1.5881,1.756,1.4201,1.5351,1.5704,2326405.38376493,1522261.311091818,-0.17541334653404905,-0.2812505887464365,-0.10583724221238743,32.211118215336725,0.011913957367353352
1584316800,1.5302,1.5302,1.1335,1.3246,1.3294333333333332,3799087.74892474,1677242.0644527064,-0.17902090768868836,-0.32961337682324787,-0.1505924691345595,29.843455248025023,0.0037009327366655906
1584403200,1.3407,1.488,1.2922,1.3706,1.3836000000000002,1843455.09456731,1697702.5587610886,-0.16758895000013643,-0.36007865663473004,-0.1924897066345936,31.036411037787474,0.08459986880170128
1584489600,1.3735,1.4227,1.2893,1.4079,1.3732999999999997,1642982.19441186,1739183.4693829976,-0.14750303993542213,-0.3768685065538713,-0.22936546661844914,32.045455599797776,0.14416816997659698
1584576000,1.4103,1.7477,1.3611,1.64,1.5829333333333333,2710893.18498169,1837919.1698856796,-0.11027806659574158,-0.3672130498631261,-0.2569349832673845,38.113355647580455,0.2582964084845463
1584662400,1.64,1.88,1.4902,1.6888,1.686333333333333,3108911.85793678,1968480.3562010718,-0.07570848680500919,-0.351570591773646,-0.27586210496863683,39.339814582977354,0.2976167996942643
1584748800,1.6859,1.7591,1.58,1.6487,1.6626,1059771.5368018,1985591.2591358505,-0.05011628610109781,-0.3385074625950091,-0.28839117649391127,38.66178719516573,0.3021357960932962
1584835200,1.6504,1.719,1.4581,1.4752,1.5507666666666668,1626230.67393922,2025000.0447234665,-0.03989156933784649,-0.3382556381662194,-0.2983640688283729,35.78777004017516,0.2621922221441973
1584921600,1.4669,1.69,1.446,1.685,1.607,1381900.33193605,2062722.6648176946,-0.01528265884216995,-0.31746739238108534,-0.3021847335389154,41.455203369854985,0.3584379394636678
1585008000,1.6842,1.7881,1.6337,1.7658,1.7291999999999998,1037262.21642794,2062659.937968573,0.008854299502756624,-0.2911168591604696,-0.2999711586632262,43.522646469871496,0.4085875716592217
1585094400,1.7548,1.7948,1.6554,1.6805,1.7102333333333333,1062863.37377407,2022493.945914918,0.020809853442230797,-0.27395884186043773,-0.2947686953026685,41.84273021596924,0.3936202426121705